ym,year,month,n_obs,n_obs_good,n_obs_port,mean_ships_port,mean_ships_port_adj,mean_ships_total,mean_components,median_ships_port,max_ships_port,min_ships_port,mean_anchorage,mean_coverage,mean_roughness,mean_noise_floor,scenes_ids,data_status
2022-01,2022,1,6,6,6,14.33,14.33,24.67,10.5,14.0,18,11,10.33,0.836,0.318,-16.8,"['S1A_IW_GRDH_1SDV_20220109T153354_20220109T153419_041386_04EBAB_rtc', 'S1A_IW_GRDH_1SDV_20220114T154141_20220114T154206_041459_04EDF9_rtc', 'S1A_IW_GRDH_1SDV_20220121T153354_20220121T153419_041561_04F166_rtc', 'S1A_IW_GRDH_1SDV_20220102T154141_20220102T154206_041284_04E832_rtc', 'S1A_IW_GRDH_1SDV_20220126T154140_20220126T154205_041634_04F3F4_rtc', 'S1A_IW_GRDH_1SDV_20220103T034316_20220103T034341_041291_04E877_rtc']",ok
2022-02,2022,2,5,5,5,12.6,12.6,23.0,8.6,11.0,16,11,10.0,0.793,0.297,-16.43,"['S1A_IW_GRDH_1SDV_20220207T154140_20220207T154205_041809_04F9F3_rtc', 'S1A_IW_GRDH_1SDV_20220202T153353_20220202T153418_041736_04F764_rtc', 'S1A_IW_GRDH_1SDV_20220219T154140_20220219T154205_041984_050008_rtc', 'S1A_IW_GRDH_1SDV_20220226T153353_20220226T153418_042086_050385_rtc', 'S1A_IW_GRDH_1SDV_20220214T153353_20220214T153418_041911_04FD80_rtc']",ok
2022-03,2022,3,6,6,6,22.83,22.83,35.5,14.33,18.5,38,12,12.67,0.837,0.365,-15.25,"['S1A_IW_GRDH_1SDV_20220303T154139_20220303T154204_042159_050601_rtc', 'S1A_IW_GRDH_1SDV_20220310T153353_20220310T153418_042261_050971_rtc', 'S1A_IW_GRDH_1SDV_20220315T154140_20220315T154205_042334_050BF4_rtc', 'S1A_IW_GRDH_1SDV_20220327T154140_20220327T154205_042509_0511E6_rtc', 'S1A_IW_GRDH_1SDV_20220322T153353_20220322T153418_042436_050F68_rtc', 'S1A_IW_GRDH_1SDV_20220304T034314_20220304T034339_042166_050642_rtc']",ok
2022-04,2022,4,5,5,5,12.2,12.2,22.0,9.6,12.0,17,8,9.8,0.792,0.318,-18.77,"['S1A_IW_GRDH_1SDV_20220403T153353_20220403T153418_042611_051558_rtc', 'S1A_IW_GRDH_1SDV_20220408T154140_20220408T154205_042684_0517CC_rtc', 'S1A_IW_GRDH_1SDV_20220420T154141_20220420T154206_042859_051DA9_rtc', 'S1A_IW_GRDH_1SDV_20220415T153354_20220415T153419_042786_051B3E_rtc', 'S1A_IW_GRDH_1SDV_20220427T153354_20220427T153419_042961_0520FC_rtc']",ok
2022-05,2022,5,6,6,6,10.33,10.33,15.33,7.0,10.0,14,6,5.0,0.838,0.307,-18.92,"['S1A_IW_GRDH_1SDV_20220502T154141_20220502T154206_043034_05236C_rtc', 'S1A_IW_GRDH_1SDV_20220514T154142_20220514T154207_043209_052912_rtc', 'S1A_IW_GRDH_1SDV_20220509T153355_20220509T153420_043136_0526D2_rtc', 'S1A_IW_GRDH_1SDV_20220521T153356_20220521T153421_043311_052C0C_rtc', 'S1A_IW_GRDH_1SDV_20220503T034308_20220503T034333_043041_0523B0_rtc', 'S1A_IW_GRDH_1SDV_20220510T033513_20220510T033538_043143_052712_rtc']",ok
2022-06,2022,6,5,5,5,9.4,9.4,14.4,5.8,9.0,11,7,5.0,0.792,0.28,-17.42,"['S1A_IW_GRDH_1SDV_20220602T153357_20220602T153422_043486_053133_rtc', 'S1A_IW_GRDH_1SDV_20220607T154144_20220607T154209_043559_053374_rtc', 'S1A_IW_GRDH_1SDV_20220614T153357_20220614T153422_043661_05366C_rtc', 'S1A_IW_GRDH_1SDV_20220619T154145_20220619T154210_043734_0538A7_rtc', 'S1A_IW_GRDH_1SDV_20220626T153358_20220626T153423_043836_053BAE_rtc']",ok
2022-07,2022,7,7,7,7,12.71,12.71,18.86,7.86,12.0,17,11,6.14,0.869,0.292,-18.85,"['S1A_IW_GRDH_1SDV_20220701T154145_20220701T154210_043909_053DE2_rtc', 'S1A_IW_GRDH_1SDV_20220713T154146_20220713T154211_044084_05431A_rtc', 'S1A_IW_GRDH_1SDV_20220725T154147_20220725T154212_044259_05484F_rtc', 'S1A_IW_GRDH_1SDV_20220720T153400_20220720T153425_044186_054621_rtc', 'S1A_IW_GRDH_1SDV_20220714T034313_20220714T034338_044091_054350_rtc', 'S1A_IW_GRDH_1SDV_20220702T034312_20220702T034337_043916_053E1F_rtc', 'S1A_IW_GRDH_1SDV_20220709T033517_20220709T033542_044018_054118_rtc']",ok
2022-08,2022,8,5,5,5,9.0,9.0,14.8,7.4,10.0,11,5,5.8,0.792,0.283,-18.0,"['S1A_IW_GRDH_1SDV_20220801T153400_20220801T153425_044361_054B45_rtc', 'S1A_IW_GRDH_1SDV_20220806T154148_20220806T154213_044434_054D6D_rtc', 'S1A_IW_GRDH_1SDV_20220813T153401_20220813T153426_044536_0550A8_rtc', 'S1A_IW_GRDH_1SDV_20220818T154148_20220818T154213_044609_055324_rtc', 'S1A_IW_GRDH_1SDV_20220825T153402_20220825T153427_044711_05568D_rtc']",ok
2022-09,2022,9,5,5,5,10.4,10.4,16.6,5.2,11.0,12,7,6.2,0.791,0.309,-18.27,"['S1A_IW_GRDH_1SDV_20220906T153403_20220906T153428_044886_055C7E_rtc', 'S1A_IW_GRDH_1SDV_20220911T154150_20220911T154215_044959_055EEF_rtc', 'S1A_IW_GRDH_1SDV_20220918T153402_20220918T153427_045061_05625A_rtc', 'S1A_IW_GRDH_1SDV_20220923T154149_20220923T154214_045134_0564D3_rtc', 'S1A_IW_GRDH_1SDV_20220930T153403_20220930T153428_045236_056836_rtc']",ok
2022-10,2022,10,6,6,6,10.33,10.33,15.83,5.83,11.5,16,2,5.5,0.838,0.294,-19.42,"['S1A_IW_GRDH_1SDV_20221005T154150_20221005T154215_045309_056AB6_rtc', 'S1A_IW_GRDH_1SDV_20221012T153403_20221012T153428_045411_056E1E_rtc', 'S1A_IW_GRDH_1SDV_20221017T154150_20221017T154215_045484_05704D_rtc', 'S1A_IW_GRDH_1SDV_20221024T153403_20221024T153428_045586_05734A_rtc', 'S1A_IW_GRDH_1SDV_20221029T154150_20221029T154215_045659_0575C5_rtc', 'S1A_IW_GRDH_1SDV_20221001T033521_20221001T033546_045243_05687F_rtc']",ok
2022-11,2022,11,5,5,5,15.8,15.8,24.2,10.8,13.0,31,11,8.4,0.792,0.307,-15.81,"['S1A_IW_GRDH_1SDV_20221105T153403_20221105T153428_045761_057931_rtc', 'S1A_IW_GRDH_1SDV_20221110T154149_20221110T154214_045834_057BAB_rtc', 'S1A_IW_GRDH_1SDV_20221117T153402_20221117T153427_045936_057F16_rtc', 'S1A_IW_GRDH_1SDV_20221122T154150_20221122T154215_046009_058198_rtc', 'S1A_IW_GRDH_1SDV_20221129T153402_20221129T153427_046111_058509_rtc']",ok
2022-12,2022,12,6,6,6,13.17,13.17,20.33,8.83,13.0,19,8,7.17,0.837,0.34,-17.69,"['S1A_IW_GRDH_1SDV_20221211T153402_20221211T153427_046286_058B02_rtc', 'S1A_IW_GRDH_1SDV_20221204T154149_20221204T154214_046184_05878D_rtc', 'S1A_IW_GRDH_1SDV_20221216T154148_20221216T154213_046359_058D81_rtc', 'S1A_IW_GRDH_1SDV_20221223T153401_20221223T153426_046461_0590FB_rtc', 'S1A_IW_GRDH_1SDV_20221228T154147_20221228T154212_046534_05937C_rtc', 'S1A_IW_GRDH_1SDV_20221205T034315_20221205T034340_046191_0587CF_rtc']",ok
2023-01,2023,1,5,5,5,14.8,14.8,24.8,12.2,14.0,20,10,10.0,0.792,0.344,-15.17,"['S1A_IW_GRDH_1SDV_20230104T153400_20230104T153425_046636_0596ED_rtc', 'S1A_IW_GRDH_1SDV_20230109T154147_20230109T154212_046709_05995B_rtc', 'S1A_IW_GRDH_1SDV_20230116T153359_20230116T153424_046811_059CCE_rtc', 'S1A_IW_GRDH_1SDV_20230121T154146_20230121T154211_046884_059F43_rtc', 'S1A_IW_GRDH_1SDV_20230128T153359_20230128T153424_046986_05A2B6_rtc']",ok
2023-02,2023,2,6,6,6,11.67,11.67,16.67,7.33,11.0,16,8,5.0,0.837,0.321,-17.55,"['S1A_IW_GRDH_1SDV_20230202T154146_20230202T154211_047059_05A518_rtc', 'S1A_IW_GRDH_1SDV_20230214T154145_20230214T154210_047234_05AAF2_rtc', 'S1A_IW_GRDH_1SDV_20230209T153358_20230209T153423_047161_05A88A_rtc', 'S1A_IW_GRDH_1SDV_20230221T153358_20230221T153423_047336_05AE7F_rtc', 'S1A_IW_GRDH_1SDV_20230203T034313_20230203T034338_047066_05A559_rtc', 'S1A_IW_GRDH_1SDV_20230226T154146_20230226T154211_047409_05B0F1_rtc']",ok
2023-03,2023,3,7,7,7,16.71,16.71,21.86,9.71,16.0,30,4,5.14,0.87,0.367,-17.54,"['S1A_IW_GRDH_1SDV_20230305T153359_20230305T153424_047511_05B469_rtc', 'S1A_IW_GRDH_1SDV_20230310T154145_20230310T154210_047584_05B6DB_rtc', 'S1A_IW_GRDH_1SDV_20230322T154145_20230322T154210_047759_05BCC9_rtc', 'S1A_IW_GRDH_1SDV_20230306T033517_20230306T033542_047518_05B4B0_rtc', 'S1A_IW_GRDH_1SDV_20230323T034312_20230323T034337_047766_05BD00_rtc', 'S1A_IW_GRDH_1SDV_20230311T034312_20230311T034337_047591_05B71B_rtc', 'S1A_IW_GRDH_1SDV_20230318T033513_20230318T033542_047693_05BA9E_rtc']",ok
2023-04,2023,4,6,6,6,14.5,14.5,18.67,8.33,12.5,29,7,4.17,0.836,0.304,-18.67,"['S1A_IW_GRDH_1SDV_20230403T154146_20230403T154211_047934_05C2A9_rtc', 'S1A_IW_GRDH_1SDV_20230410T153359_20230410T153424_048036_05C623_rtc', 'S1A_IW_GRDH_1SDV_20230415T154146_20230415T154211_048109_05C895_rtc', 'S1A_IW_GRDH_1SDV_20230422T153400_20230422T153425_048211_05CBFC_rtc', 'S1A_IW_GRDH_1SDV_20230427T154147_20230427T154212_048284_05CE71_rtc', 'S1A_IW_GRDH_1SDV_20230404T034313_20230404T034338_047941_05C2E9_rtc']",ok
2023-05,2023,5,5,5,5,10.2,10.2,13.2,5.4,11.0,13,6,3.0,0.792,0.296,-19.04,"['S1A_IW_GRDH_1SDV_20230504T153400_20230504T153425_048386_05D1DB_rtc', 'S1A_IW_GRDH_1SDV_20230509T154147_20230509T154212_048459_05D442_rtc', 'S1A_IW_GRDH_1SDV_20230516T153401_20230516T153426_048561_05D746_rtc', 'S1A_IW_GRDH_1SDV_20230521T154148_20230521T154213_048634_05D970_rtc', 'S1A_IW_GRDH_1SDV_20230528T153402_20230528T153427_048736_05DC77_rtc']",ok
2023-06,2023,6,6,6,6,13.5,13.5,17.67,8.0,13.5,16,11,3.83,0.837,0.278,-18.25,"['S1A_IW_GRDH_1SDV_20230602T154149_20230602T154214_048809_05DEA1_rtc', 'S1A_IW_GRDH_1SDV_20230609T153402_20230609T153427_048911_05E1BA_rtc', 'S1A_IW_GRDH_1SDV_20230614T154149_20230614T154214_048984_05E3FD_rtc', 'S1A_IW_GRDH_1SDV_20230621T153402_20230621T153427_049086_05E711_rtc', 'S1A_IW_GRDH_1SDV_20230626T154149_20230626T154214_049159_05E94B_rtc', 'S1A_IW_GRDH_1SDV_20230603T034315_20230603T034340_048816_05DEDF_rtc']",ok
2023-07,2023,7,5,5,5,9.4,9.4,13.4,5.0,9.0,13,7,4.0,0.791,0.286,-18.23,"['S1A_IW_GRDH_1SDV_20230703T153403_20230703T153428_049261_05EC65_rtc', 'S1A_IW_GRDH_1SDV_20230708T154151_20230708T154216_049334_05EEB3_rtc', 'S1A_IW_GRDH_1SDV_20230715T153404_20230715T153429_049436_05F1D1_rtc', 'S1A_IW_GRDH_1SDV_20230720T154151_20230720T154216_049509_05F406_rtc', 'S1A_IW_GRDH_1SDV_20230727T153405_20230727T153430_049611_05F731_rtc']",ok
2023-08,2023,8,6,6,6,12.17,12.17,17.0,7.67,13.0,14,9,4.33,0.836,0.291,-19.05,"['S1A_IW_GRDH_1SDV_20230801T154152_20230801T154217_049684_05F972_rtc', 'S1A_IW_GRDH_1SDV_20230808T153405_20230808T153430_049786_05FCA6_rtc', 'S1A_IW_GRDH_1SDV_20230813T154153_20230813T154218_049859_05FF25_rtc', 'S1A_IW_GRDH_1SDV_20230820T153406_20230820T153431_049961_0602A6_rtc', 'S1A_IW_GRDH_1SDV_20230825T154153_20230825T154218_050034_060517_rtc', 'S1A_IW_GRDH_1SDV_20230802T034319_20230802T034344_049691_05F9AE_rtc']",ok
2023-09,2023,9,6,6,6,12.83,12.83,15.17,6.0,12.0,21,7,2.33,0.837,0.283,-18.65,"['S1A_IW_GRDH_1SDV_20230901T153407_20230901T153432_050136_0608A6_rtc', 'S1A_IW_GRDH_1SDV_20230906T154154_20230906T154219_050209_060B15_rtc', 'S1A_IW_GRDH_1SDV_20230925T153408_20230925T153433_050486_061492_rtc', 'S1A_IW_GRDH_1SDV_20230918T154155_20230918T154220_050384_06110A_rtc', 'S1A_IW_GRDH_1SDV_20230902T033526_20230902T033551_050143_0608EF_rtc', 'S1A_IW_GRDH_1SDV_20230907T034321_20230907T034346_050216_060B4C_rtc']",ok
2023-10,2023,10,6,6,6,12.17,12.17,15.5,8.67,12.0,17,8,3.33,0.837,0.306,-18.27,"['S1A_IW_GRDH_1SDV_20231007T153408_20231007T153433_050661_061A91_rtc', 'S1A_IW_GRDH_1SDV_20231012T154154_20231012T154219_050734_061D05_rtc', 'S1A_IW_GRDH_1SDV_20231019T153408_20231019T153433_050836_06208C_rtc', 'S1A_IW_GRDH_1SDV_20231024T154155_20231024T154220_050909_0622FE_rtc', 'S1A_IW_GRDH_1SDV_20231001T034322_20231001T034347_050566_061747_rtc', 'S1A_IW_GRDH_1SDV_20231008T033526_20231008T033551_050668_061ADA_rtc']",ok
2023-11,2023,11,6,6,6,6.67,6.67,10.83,6.33,6.5,10,3,4.17,0.838,0.362,-19.64,"['S1A_IW_GRDH_1SDV_20231105T154154_20231105T154219_051084_0628FB_rtc', 'S1A_IW_GRDH_1SDV_20231112T153407_20231112T153432_051186_062C8E_rtc', 'S1A_IW_GRDH_1SDV_20231117T154154_20231117T154219_051259_062F0A_rtc', 'S1A_IW_GRDH_1SDV_20231124T153407_20231124T153432_051361_063298_rtc', 'S1A_IW_GRDH_1SDV_20231101T033526_20231101T033551_051018_0626D2_rtc', 'S1A_IW_GRDH_1SDV_20231129T154153_20231129T154218_051434_063514_rtc']",ok
2023-12,2023,12,5,5,5,10.0,10.0,15.2,7.4,11.0,15,6,5.2,0.791,0.359,-16.94,"['S1A_IW_GRDH_1SDV_20231206T153407_20231206T153432_051536_06389C_rtc', 'S1A_IW_GRDH_1SDV_20231211T154153_20231211T154218_051609_063B2B_rtc', 'S1A_IW_GRDH_1SDV_20231218T153406_20231218T153431_051711_063EBC_rtc', 'S1A_IW_GRDH_1SDV_20231223T154152_20231223T154217_051784_064135_rtc', 'S1A_IW_GRDH_1SDV_20231230T153405_20231230T153430_051886_0644C2_rtc']",ok
2024-01,2024,1,6,6,6,13.67,13.67,18.5,9.33,10.0,28,6,4.83,0.838,0.371,-16.3,"['S1A_IW_GRDH_1SDV_20240111T153404_20240111T153429_052061_064AB3_rtc', 'S1A_IW_GRDH_1SDV_20240116T154151_20240116T154216_052134_064D33_rtc', 'S1A_IW_GRDH_1SDV_20240123T153404_20240123T153429_052236_0650A1_rtc', 'S1A_IW_GRDH_1SDV_20240128T154151_20240128T154216_052309_065317_rtc', 'S1A_IW_GRDH_1SDV_20240105T034319_20240105T034344_051966_06477A_rtc', 'S1A_IW_GRDH_1SDV_20240112T033523_20240112T033548_052068_064AFB_rtc']",ok
2024-02,2024,2,5,5,5,12.8,12.8,15.8,5.6,11.0,23,9,3.0,0.793,0.346,-17.39,"['S1A_IW_GRDH_1SDV_20240204T153404_20240204T153429_052411_06568D_rtc', 'S1A_IW_GRDH_1SDV_20240216T153404_20240216T153429_052586_065C79_rtc', 'S1A_IW_GRDH_1SDV_20240221T154150_20240221T154215_052659_065EEB_rtc', 'S1A_IW_GRDH_1SDV_20240228T153404_20240228T153429_052761_066265_rtc', 'S1A_IW_GRDH_1SDV_20240205T033522_20240205T033547_052418_0656CF_rtc']",ok
2024-03,2024,3,7,7,7,12.71,12.71,16.71,6.57,12.0,18,8,4.0,0.846,0.329,-18.89,"['S1A_IW_GRDH_1SDV_20240304T154151_20240304T154216_052834_0664DF_rtc', 'S1A_IW_GRDH_1SDV_20240311T153404_20240311T153429_052936_06685B_rtc', 'S1A_IW_GRDH_1SDV_20240316T154151_20240316T154216_053009_066AF1_rtc', 'S1A_IW_GRDH_1SDV_20240328T154151_20240328T154216_053184_0671A3_rtc', 'S1A_IW_GRDH_1SDV_20240323T153404_20240323T153429_053111_066EE4_rtc', 'S1A_IW_GRDH_1SDV_20240305T034317_20240305T034342_052841_066520_rtc', 'S1A_IW_GRDH_1SDV_20240312T033522_20240312T033547_052943_0668A4_rtc']",ok
2024-04,2024,4,7,7,7,12.0,12.0,16.57,8.0,11.0,18,3,4.57,0.847,0.339,-19.13,"['S1A_IW_GRDH_1SDV_20240409T154151_20240409T154216_053359_067879_rtc', 'S1A_IW_GRDH_1SDV_20240416T153405_20240416T153430_053461_067C7B_rtc', 'S1A_IW_GRDH_1SDV_20240421T154152_20240421T154217_053534_067F5E_rtc', 'S1A_IW_GRDH_1SDV_20240428T153405_20240428T153430_053636_06835A_rtc', 'S1A_IW_GRDH_1SDV_20240422T034318_20240422T034343_053541_067FA9_rtc', 'S1A_IW_GRDH_1SDV_20240405T033523_20240405T033548_053293_0675D8_rtc', 'S1A_IW_GRDH_1SDV_20240417T033523_20240417T033548_053468_067CCB_rtc']",ok
2024-05,2024,5,6,6,6,13.83,13.83,18.67,10.33,11.0,27,10,4.83,0.837,0.335,-17.52,"['S1A_IW_GRDH_1SDV_20240503T154152_20240503T154217_053709_068641_rtc', 'S1A_IW_GRDH_1SDV_20240510T153405_20240510T153430_053811_068A0F_rtc', 'S1A_IW_GRDH_1SDV_20240515T154152_20240515T154217_053884_068C8C_rtc', 'S1A_IW_GRDH_1SDV_20240522T153405_20240522T153430_053986_069013_rtc', 'S1A_IW_GRDH_1SDV_20240527T154152_20240527T154217_054059_0692A2_rtc', 'S1A_IW_GRDH_1SDV_20240504T034319_20240504T034344_053716_06868A_rtc']",ok
2024-06,2024,6,6,6,6,11.67,11.67,14.17,6.67,12.5,15,6,2.5,0.867,0.358,-20.06,"['S1A_IW_GRDH_1SDV_20240603T153405_20240603T153430_054161_069622_rtc', 'S1A_IW_GRDH_1SDV_20240608T154151_20240608T154216_054234_0698B0_rtc', 'S1A_IW_GRDH_1SDV_20240604T033523_20240604T033548_054168_069664_rtc', 'S1A_IW_GRDH_1SDV_20240620T154151_20240620T154216_054409_069EBE_rtc', 'S1A_IW_GRDH_1SDV_20240609T034318_20240609T034343_054241_0698F2_rtc', 'S1A_IW_GRDH_1SDV_20240616T033523_20240616T033548_054343_069C71_rtc']",ok
2024-07,2024,7,6,6,6,10.33,10.33,14.5,7.17,9.5,16,6,4.17,0.838,0.289,-17.53,"['S1A_IW_GRDH_1SDV_20240702T154150_20240702T154215_054584_06A4D5_rtc', 'S1A_IW_GRDH_1SDV_20240709T153403_20240709T153428_054686_06A859_rtc', 'S1A_IW_GRDH_1SDV_20240714T154150_20240714T154215_054759_06AAE2_rtc', 'S1A_IW_GRDH_1SDV_20240726T154149_20240726T154214_054934_06B0F9_rtc', 'S1A_IW_GRDH_1SDV_20240721T153403_20240721T153428_054861_06AE67_rtc', 'S1A_IW_GRDH_1SDV_20240703T034317_20240703T034342_054591_06A515_rtc']",ok
2024-08,2024,8,5,5,5,6.4,6.4,9.4,5.6,7.0,7,5,3.0,0.792,0.277,-18.19,"['S1A_IW_GRDH_1SDV_20240802T153403_20240802T153428_055036_06B481_rtc', 'S1A_IW_GRDH_1SDV_20240807T154149_20240807T154214_055109_06B70F_rtc', 'S1A_IW_GRDH_1SDV_20240814T153402_20240814T153427_055211_06BAC6_rtc', 'S1A_IW_GRDH_1SDV_20240819T154150_20240819T154215_055284_06BD6E_rtc', 'S1A_IW_GRDH_1SDV_20240826T153403_20240826T153428_055386_06C147_rtc']",ok
2024-09,2024,9,7,7,7,11.71,11.71,16.86,7.71,11.0,15,7,5.14,0.87,0.342,-18.45,"['S1A_IW_GRDH_1SDV_20240907T153403_20240907T153428_055561_06C7E8_rtc', 'S1A_IW_GRDH_1SDV_20240912T154150_20240912T154215_055634_06CACB_rtc', 'S1A_IW_GRDH_1SDV_20240924T154150_20240924T154215_055809_06D1B6_rtc', 'S1A_IW_GRDH_1SDV_20240913T034317_20240913T034342_055641_06CB16_rtc', 'S1A_IW_GRDH_1SDV_20240908T033522_20240908T033547_055568_06C83A_rtc', 'S1A_IW_GRDH_1SDV_20240925T034317_20240925T034342_055816_06D200_rtc', 'S1A_IW_GRDH_1SDV_20240920T033522_20240920T033547_055743_06CF22_rtc']",ok
2024-10,2024,10,6,6,6,12.83,12.83,17.0,7.0,12.5,18,9,4.17,0.865,0.314,-18.97,"['S1A_IW_GRDH_1SDV_20241006T154151_20241006T154216_055984_06D89C_rtc', 'S1A_IW_GRDH_1SDV_20241018T154151_20241018T154216_056159_06DF88_rtc', 'S1A_IW_GRDH_1SDV_20241025T153404_20241025T153429_056261_06E397_rtc', 'S1A_IW_GRDH_1SDV_20241030T154151_20241030T154216_056334_06E677_rtc', 'S1A_IW_GRDH_1SDV_20241007T034318_20241007T034343_055991_06D8E6_rtc', 'S1A_IW_GRDH_1SDV_20241002T033522_20241002T033547_055918_06D610_rtc']",ok
2024-11,2024,11,6,6,6,14.0,14.0,16.83,6.0,14.0,18,9,2.83,0.838,0.319,-18.43,"['S1A_IW_GRDH_1SDV_20241106T153404_20241106T153429_056436_06EA83_rtc', 'S1A_IW_GRDH_1SDV_20241111T154151_20241111T154216_056509_06ED6F_rtc', 'S1A_IW_GRDH_1SDV_20241118T153403_20241118T153428_056611_06F182_rtc', 'S1A_IW_GRDH_1SDV_20241123T154150_20241123T154215_056684_06F46E_rtc', 'S1A_IW_GRDH_1SDV_20241107T033522_20241107T033547_056443_06EAD3_rtc', 'S1A_IW_GRDH_1SDV_20241119T033522_20241119T033547_056618_06F1D4_rtc']",ok
2024-12,2024,12,6,6,6,14.17,14.17,20.33,11.67,14.5,19,9,6.17,0.865,0.393,-15.17,"['S1A_IW_GRDH_1SDV_20241205T154149_20241205T154214_056859_06FB5B_rtc', 'S1A_IW_GRDH_1SDV_20241212T153402_20241212T153427_056961_06FF54_rtc', 'S1A_IW_GRDH_1SDV_20241229T154148_20241229T154213_057209_070936_rtc', 'S1A_IW_GRDH_1SDV_20241225T033519_20241225T033544_057143_0706AE_rtc', 'S1A_IW_GRDH_1SDV_20241218T034314_20241218T034339_057041_070294_rtc', 'S1A_IW_GRDH_1SDV_20241206T034315_20241206T034340_056866_06FBA2_rtc']",ok
2025-01,2025,1,5,5,5,12.0,12.0,19.8,12.6,8.0,29,7,7.8,0.793,0.349,-15.07,"['S1A_IW_GRDH_1SDV_20250105T153359_20250105T153424_057311_070D3B_rtc', 'S1A_IW_GRDH_1SDV_20250110T154146_20250110T154211_057384_071022_rtc', 'S1A_IW_GRDH_1SDV_20250117T153358_20250117T153423_057486_07142A_rtc', 'S1A_IW_GRDH_1SDV_20250122T154145_20250122T154210_057559_071713_rtc', 'S1A_IW_GRDH_1SDV_20250129T153358_20250129T153423_057661_071B1F_rtc']",ok
2025-02,2025,2,6,6,6,11.0,11.0,17.17,8.33,9.5,18,9,6.17,0.837,0.336,-17.95,"['S1A_IW_GRDH_1SDV_20250203T154144_20250203T154209_057734_rtc', 'S1A_IW_GRDH_1SDV_20250210T153357_20250210T153422_057836_rtc', 'S1A_IW_GRDH_1SDV_20250215T154144_20250215T154209_057909_072506_rtc', 'S1A_IW_GRDH_1SDV_20250222T153357_20250222T153422_058011_07292F_rtc', 'S1A_IW_GRDH_1SDV_20250227T154143_20250227T154208_058084_072C28_rtc', 'S1A_IW_GRDH_1SDV_20250204T034311_20250204T034336_057741_rtc']",ok
2025-03,2025,3,5,5,5,9.0,9.0,13.4,7.2,9.0,11,6,4.4,0.792,0.306,-18.38,"['S1A_IW_GRDH_1SDV_20250306T153357_20250306T153422_058186_07305B_rtc', 'S1A_IW_GRDH_1SDV_20250311T154144_20250311T154209_058259_073341_rtc', 'S1C_IW_GRDH_1SDV_20250329T154048_20250329T154113_001658_rtc', 'S1A_IW_GRDH_1SDV_20250318T153357_20250318T153422_058361_073742_rtc', 'S1A_IW_GRDH_1SDV_20250330T153357_20250330T153422_058536_073E42_rtc']",ok
2025-04,2025,4,6,6,6,17.33,17.33,26.0,12.5,12.0,45,5,8.67,0.867,0.324,-16.86,"['S1A_IW_GRDH_1SDV_20250404T154144_20250404T154209_058609_07413F_rtc', 'S1C_IW_GRDH_1SDV_20250405T153225_20250405T153250_001760_rtc', 'S1C_IW_GRDH_1SDV_20250410T154048_20250410T154113_001833_rtc', 'S1A_IW_GRDH_1SDV_20250411T153357_20250411T153422_058711_07456E_rtc', 'S1A_IW_GRDH_1SDV_20250416T154144_20250416T154209_058784_074865_rtc', 'S1C_IW_GRDH_1SDV_20250417T153225_20250417T153250_001935_rtc']",ok
2025-05,2025,5,6,6,6,9.33,9.33,14.17,5.83,10.0,15,1,4.83,0.838,0.291,-19.94,"['S1C_IW_GRDH_1SDV_20250504T154050_20250504T154115_002183_rtc', 'S1A_IW_GRDH_1SDV_20250505T153357_20250505T153422_059061_rtc', 'S1A_IW_GRDH_1SDV_20250510T154144_20250510T154209_059134_rtc', 'S1A_IW_GRDH_1SDV_20250517T153357_20250517T153422_059236_0759C3_rtc', 'S1C_IW_GRDH_1SDV_20250511T153227_20250511T153252_002285_rtc', 'S1A_IW_GRDH_1SDV_20250522T154144_20250522T154209_059309_rtc']",ok
2025-06,2025,6,7,7,7,7.86,7.86,12.86,6.57,6.0,15,5,5.0,0.871,0.287,-19.47,"['S1A_IW_GRDH_1SDV_20250603T154143_20250603T154208_059484_rtc', 'S1C_IW_GRDH_1SDV_20250604T153229_20250604T153254_002635_rtc', 'S1C_IW_GRDH_1SDV_20250609T154053_20250609T154118_002708_rtc', 'S1A_IW_GRDH_1SDV_20250610T153356_20250610T153421_059586_rtc', 'S1A_IW_GRDH_1SDV_20250615T154143_20250615T154208_059659_076855_rtc', 'S1C_IW_GRDH_1SDV_20250621T154053_20250621T154118_002883_rtc', 'S1C_IW_GRDH_1SDV_20250616T153230_20250616T153255_002810_rtc']",ok
2025-07,2025,7,6,6,6,8.5,8.5,12.5,6.17,8.5,13,3,4.0,0.839,0.279,-17.91,"['S1C_IW_GRDH_1SDV_20250703T154054_20250703T154119_003058_rtc', 'S1A_IW_GRDH_1SDV_20250704T153355_20250704T153420_059936_0771F5_rtc', 'S1C_IW_GRDH_1SDV_20250710T153231_20250710T153256_003160_rtc', 'S1A_IW_GRDH_1SDV_20250709T154141_20250709T154206_060009_rtc', 'S1A_IW_GRDH_1SDV_20250716T153354_20250716T153419_060111_rtc', 'S1C_IW_GRDH_1SDV_20250715T154055_20250715T154120_003233_rtc']",ok
2025-08,2025,8,7,7,7,9.0,9.0,15.43,7.57,10.0,16,3,6.29,0.87,0.288,-18.92,"['S1C_IW_GRDH_1SDV_20250803T153233_20250803T153258_003510_rtc', 'S1C_IW_GRDH_1SDV_20250808T154056_20250808T154121_003583_rtc', 'S1A_IW_GRDH_1SDV_20250802T154141_20250802T154206_060359_rtc', 'S1A_IW_GRDH_1SDV_20250809T153354_20250809T153419_060461_rtc', 'S1A_IW_GRDH_1SDV_20250814T154141_20250814T154206_060534_rtc', 'S1C_IW_GRDH_1SDV_20250815T153233_20250815T153258_003685_0075D9_rtc', 'S1C_IW_GRDH_1SDV_20250820T154056_20250820T154121_003758_00780D_rtc']",ok
2025-09,2025,9,6,6,6,10.33,10.33,16.83,7.67,10.0,13,8,6.5,0.836,0.283,-18.45,"['S1C_IW_GRDH_1SDV_20250901T154057_20250901T154122_003933_007D53_rtc', 'S1A_IW_GRDH_1SDV_20250902T153354_20250902T153419_060811_079210_rtc', 'S1C_IW_GRDH_1SDV_20250913T154057_20250913T154122_004108_0082A2_rtc', 'S1A_IW_GRDH_1SDV_20250907T154141_20250907T154206_060884_0794FB_rtc', 'S1A_IW_GRDH_1SDV_20250914T153354_20250914T153419_060986_079913_rtc', 'S1A_IW_GRDH_1SDV_20250919T154141_20250919T154206_061059_079BFF_rtc']",ok
2025-10,2025,10,7,7,7,13.0,13.0,23.71,10.0,16.0,20,0,10.71,0.87,0.301,-18.43,"['S1A_IW_GRDH_1SDV_20251001T154141_20251001T154206_061234_07A313_rtc', 'S1C_IW_GRDH_1SDV_20251007T154058_20251007T154123_004458_008D47_rtc', 'S1C_IW_GRDH_1SDV_20251002T153234_20251002T153259_004385_008B05_rtc', 'S1A_IW_GRDH_1SDV_20251008T153355_20251008T153420_061336_07A728_rtc', 'S1A_IW_GRDH_1SDV_20251013T154142_20251013T154207_061409_07AA1B_rtc', 'S1C_IW_GRDH_1SDV_20251014T153235_20251014T153300_004560_009054_rtc', 'S1C_IW_GRDH_1SDV_20251019T154058_20251019T154123_004633_009292_rtc']",ok
2025-11,2025,11,6,6,6,13.5,13.5,26.0,13.33,13.5,19,10,12.5,0.837,0.317,-18.88,"['S1A_IW_GRDH_1SDV_20251101T153354_20251101T153419_061686_07B533_rtc', 'S1A_IW_GRDH_1SDV_20251106T154141_20251106T154206_061759_07B806_rtc', 'S1C_IW_GRDH_1SDV_20251112T154057_20251112T154122_004983_009DBF_rtc', 'S1C_IW_GRDH_1SDV_20251107T153234_20251107T153259_004910_009B57_rtc', 'S1A_IW_GRDH_1SDV_20251113T153354_20251113T153419_061861_07BBF5_rtc', 'S1A_IW_GRDH_1SDV_20251118T154141_20251118T154206_061934_07BED5_rtc']",ok
2025-12,2025,12,6,6,6,19.17,19.17,35.17,14.5,18.5,48,2,15.67,0.867,0.341,-17.45,"['S1C_IW_GRDH_1SDV_20251206T154056_20251206T154121_005333_00A998_rtc', 'S1C_IW_GRDH_1SDV_20251201T153233_20251201T153258_005260_00A712_rtc', 'S1A_IW_GRDH_1SDV_20251207T153352_20251207T153417_062211_07C9A3_rtc', 'S1C_IW_GRDH_1SDV_20251213T153233_20251213T153258_005435_00AD14_rtc', 'S1A_IW_GRDH_1SDV_20251212T154138_20251212T154203_062284_07CC7A_rtc', 'S1C_IW_GRDH_1SDV_20251218T154056_20251218T154121_005508_00AF8E_rtc']",ok
2026-01,2026,1,7,7,7,16.14,16.14,32.0,15.14,15.0,25,8,15.86,0.87,0.345,-14.04,"['S1A_IW_GRDH_1SDV_20260105T154136_20260105T154201_062634_07DA08_rtc', 'S1C_IW_GRDH_1SDV_20260106T153231_20260106T153256_005785_00B920_rtc', 'S1C_IW_GRDH_1SDV_20260111T154054_20260111T154119_005858_00BBBE_rtc', 'S1A_IW_GRDH_1SDV_20260117T154135_20260117T154200_062809_07E0C2_rtc', 'S1A_IW_GRDH_1SDV_20260112T153348_20260112T153413_062736_07DDED_rtc', 'S1C_IW_GRDH_1SDV_20260118T153231_20260118T153256_005960_00BF44_rtc', 'S1C_IW_GRDH_1SDV_20260123T154053_20260123T154118_006033_00C187_rtc']",ok
2026-02,2026,2,6,6,6,25.67,25.67,43.17,16.17,23.0,36,19,17.0,0.838,0.318,-15.21,"['S1C_IW_GRDH_1SDV_20260204T154053_20260204T154118_006208_00C770_rtc', 'S1A_IW_GRDH_1SDV_20260205T153346_20260205T153411_063086_07EAE4_rtc', 'S1A_IW_GRDH_1SDV_20260210T154133_20260210T154158_063159_07ED98_rtc', 'S1C_IW_GRDH_1SDV_20260216T154053_20260216T154118_006383_00CD7B_rtc', 'S1C_IW_GRDH_1SDV_20260211T153230_20260211T153255_006310_00CAF2_rtc', 'S1A_IW_GRDH_1SDV_20260217T153346_20260217T153411_063261_07F16A_rtc']",ok
2026-03,2026,3,7,7,7,21.43,21.43,39.14,15.14,23.0,34,0,16.71,0.847,0.33,-16.4,"['S1A_IW_GRDH_1SDV_20260301T153346_20260301T153411_063436_07F81D_rtc', 'S1C_IW_GRDH_1SDV_20260312T154053_20260312T154118_006733_00D993_rtc', 'S1A_IW_GRDH_1SDV_20260306T154133_20260306T154158_063509_07FADE_rtc', 'S1A_IW_GRDH_1SDV_20260313T153346_20260313T153411_063611_07FEBE_rtc', 'S1C_IW_GRDH_1SDV_20260307T153230_20260307T153255_006660_00D716_rtc', 'S1A_IW_GRDH_1SDV_20260318T154133_20260318T154158_063684_08016B_rtc', 'S1C_IW_GRDH_1SDV_20260319T153230_20260319T153255_006835_00DD1A_rtc']",ok
2026-04,2026,4,6,6,6,22.83,22.83,44.17,17.0,21.0,38,17,19.67,0.838,0.323,-15.5,"['S1C_IW_GRDH_1SDV_20260405T154054_20260405T154119_007083_00E57A_rtc', 'S1A_IW_GRDH_1SDV_20260406T153346_20260406T153411_063961_080BC8_rtc', 'S1C_IW_GRDH_1SDV_20260417T154054_20260417T154119_007258_00EB5F_rtc', 'S1A_IW_GRDH_1SDV_20260411T154133_20260411T154158_064034_080E83_rtc', 'S1C_IW_GRDH_1SDV_20260412T153231_20260412T153256_007185_00E8F2_rtc', 'S1A_IW_GRDH_1SDV_20260418T153346_20260418T153411_064136_081258_rtc']",ok
2026-05,2026,5,7,7,7,15.71,15.71,25.0,9.14,15.0,20,10,9.29,0.871,0.301,-18.79,"['S1A_IW_GRDH_1SDV_20260505T154132_20260505T154157_064384_081B86_rtc', 'S1C_IW_GRDH_1SDV_20260506T153232_20260506T153257_007535_00F4CC_rtc', 'S1C_IW_GRDH_1SDV_20260511T154056_20260511T154121_007608_00F73A_rtc', 'S1D_IW_GRDH_1SDV_20260512T154106_20260512T154131_002753_004A5B_rtc', 'S1A_IW_GRDH_1SDV_20260512T153345_20260512T153410_064486_081F2C_rtc', 'S1A_IW_GRDH_1SDV_20260517T154132_20260517T154157_064559_0821B3_rtc', 'S1C_IW_GRDH_1SDV_20260518T153233_20260518T153258_007710_00FAB5_rtc']",ok
2026-06,2026,6,6,6,6,10.0,10.0,21.0,10.0,10.0,17,3,10.0,0.838,0.302,-20.08,"['S1C_IW_GRDH_1SDV_20260604T154057_20260604T154122_007958_0102E8_rtc', 'S1A_IW_GRDH_1SDV_20260605T153344_20260605T153409_064836_082B70_rtc', 'S1D_IW_GRDH_1SDV_20260605T154107_20260605T154132_003103_0055FE_rtc', 'S1A_IW_GRDH_1SDV_20260610T154131_20260610T154156_064909_082DF5_rtc', 'S1A_IW_GRDH_1SDV_20260617T153344_20260617T153409_065011_083183_rtc', 'S1D_IW_GRDH_1SDV_20260617T154108_20260617T154133_003278_005BC1_rtc']",ok
2026-07,2026,7,4,4,4,14.25,14.25,31.0,14.5,14.5,16,12,15.75,0.897,0.286,-17.17,"['S1D_IW_GRDH_1SDV_20260706T153246_20260706T153311_003555_006504_rtc', 'S1C_IW_GRDH_1SDV_20260717T154057_20260717T154122_008585_011006_rtc', 'S1C_IW_GRDH_1SDV_20260712T153234_20260712T153259_008512_010DA0_rtc', 'S1D_IW_GRDH_1SDV_20260718T153247_20260718T153312_003730_006AF7_rtc']",ok
2026-08,2026,8,3,3,3,14.67,15.96,28.33,13.0,19.0,24,1,12.33,0.837,0.308,-18.26,"['S1C_IW_GRDH_1SDV_20260805T153235_20260805T153300_008862_011943_rtc', 'S1D_IW_GRDH_1SDV_20260805T034238_20260805T034303_003985_0073C9_rtc', 'S1C_IW_GRDH_1SDV_20260806T033410_20260806T033435_008869_01197D_rtc']",ok
