acquisition_date,acquisition_time,satellite,platform,orbit,scene_id,latitude,longitude,vessel_count,vessel_count_in_port,vessel_count_anchorage,vessel_location,port_area_ha,activity_index,coverage,cov_port,noise_floor_db,sea_roughness
2022-01-09,15:34:07,Sentinel-1,SENTINEL-1A,ascending,S1A_IW_GRDH_1SDV_20220109T153354_20220109T153419_041386_04EBAB_rtc,35.52755,35.76553,28,17,11,data/raw_s1/S1A_IW_GRDH_1SDV_20220109T153354_20220109T153419_041386_04EBAB_rtc/vessels.json,200.4,17.0,0.724,1.0,-13.430000305175781,0.3190000057220459
2022-01-14,15:41:53,Sentinel-1,SENTINEL-1A,ascending,S1A_IW_GRDH_1SDV_20220114T154141_20220114T154206_041459_04EDF9_rtc,35.51583,35.76813,26,13,13,data/raw_s1/S1A_IW_GRDH_1SDV_20220114T154141_20220114T154206_041459_04EDF9_rtc/vessels.json,200.4,13.0,0.892,1.0,-19.84000015258789,0.28999999165534973
2022-01-21,15:34:06,Sentinel-1,SENTINEL-1A,ascending,S1A_IW_GRDH_1SDV_20220121T153354_20220121T153419_041561_04F166_rtc,35.51716,35.76736,15,15,0,data/raw_s1/S1A_IW_GRDH_1SDV_20220121T153354_20220121T153419_041561_04F166_rtc/vessels.json,200.4,15.0,0.726,1.0,-15.239999771118164,0.2930000126361847
2022-01-02,15:41:54,Sentinel-1,SENTINEL-1A,ascending,S1A_IW_GRDH_1SDV_20220102T154141_20220102T154206_041284_04E832_rtc,35.51861,35.76443,26,12,14,data/raw_s1/S1A_IW_GRDH_1SDV_20220102T154141_20220102T154206_041284_04E832_rtc/vessels.json,200.4,12.0,0.892,1.0,-21.700000762939453,0.2879999876022339
2022-01-26,15:41:53,Sentinel-1,SENTINEL-1A,ascending,S1A_IW_GRDH_1SDV_20220126T154140_20220126T154205_041634_04F3F4_rtc,35.51574,35.76761,24,11,13,data/raw_s1/S1A_IW_GRDH_1SDV_20220126T154140_20220126T154205_041634_04F3F4_rtc/vessels.json,200.4,11.0,0.892,1.0,-16.100000381469727,0.4020000100135803
2022-01-03,03:43:29,Sentinel-1,SENTINEL-1A,descending,S1A_IW_GRDH_1SDV_20220103T034316_20220103T034341_041291_04E877_rtc,35.52215,35.76374,29,18,11,data/raw_s1/S1A_IW_GRDH_1SDV_20220103T034316_20220103T034341_041291_04E877_rtc/vessels.json,200.4,18.0,0.892,1.0,-14.510000228881836,0.3149999976158142
2022-02-07,15:41:52,Sentinel-1,SENTINEL-1A,ascending,S1A_IW_GRDH_1SDV_20220207T154140_20220207T154205_041809_04F9F3_rtc,35.51514,35.76247,26,11,13,data/raw_s1/S1A_IW_GRDH_1SDV_20220207T154140_20220207T154205_041809_04F9F3_rtc/vessels.json,200.4,11.0,0.892,1.0,-19.1200008392334,0.2879999876022339
2022-02-02,15:34:05,Sentinel-1,SENTINEL-1A,ascending,S1A_IW_GRDH_1SDV_20220202T153353_20220202T153418_041736_04F764_rtc,35.52016,35.76888,28,16,12,data/raw_s1/S1A_IW_GRDH_1SDV_20220202T153353_20220202T153418_041736_04F764_rtc/vessels.json,200.4,16.0,0.727,1.0,-12.989999771118164,0.31700000166893005
2022-02-19,15:41:52,Sentinel-1,SENTINEL-1A,ascending,S1A_IW_GRDH_1SDV_20220219T154140_20220219T154205_041984_050008_rtc,35.51641,35.76774,21,11,10,data/raw_s1/S1A_IW_GRDH_1SDV_20220219T154140_20220219T154205_041984_050008_rtc/vessels.json,200.4,11.0,0.892,1.0,-19.739999771118164,0.2919999957084656
2022-02-26,15:34:05,Sentinel-1,SENTINEL-1A,ascending,S1A_IW_GRDH_1SDV_20220226T153353_20220226T153418_042086_050385_rtc,35.52037,35.76276,18,14,4,data/raw_s1/S1A_IW_GRDH_1SDV_20220226T153353_20220226T153418_042086_050385_rtc/vessels.json,200.4,14.0,0.726,1.0,-16.020000457763672,0.3019999861717224
2022-02-14,15:34:05,Sentinel-1,SENTINEL-1A,ascending,S1A_IW_GRDH_1SDV_20220214T153353_20220214T153418_041911_04FD80_rtc,35.5159,35.76663,22,11,11,data/raw_s1/S1A_IW_GRDH_1SDV_20220214T153353_20220214T153418_041911_04FD80_rtc/vessels.json,200.4,11.0,0.726,1.0,-14.270000457763672,0.28700000047683716
2022-03-03,15:41:52,Sentinel-1,SENTINEL-1A,ascending,S1A_IW_GRDH_1SDV_20220303T154139_20220303T154204_042159_050601_rtc,35.53073,35.76772,63,38,25,data/raw_s1/S1A_IW_GRDH_1SDV_20220303T154139_20220303T154204_042159_050601_rtc/vessels.json,200.4,38.0,0.892,1.0,-10.399999618530273,0.36000001430511475
2022-03-10,15:34:05,Sentinel-1,SENTINEL-1A,ascending,S1A_IW_GRDH_1SDV_20220310T153353_20220310T153418_042261_050971_rtc,35.52086,35.76469,25,21,4,data/raw_s1/S1A_IW_GRDH_1SDV_20220310T153353_20220310T153418_042261_050971_rtc/vessels.json,200.4,21.0,0.726,1.0,-15.199999809265137,0.3230000138282776
2022-03-15,15:41:52,Sentinel-1,SENTINEL-1A,ascending,S1A_IW_GRDH_1SDV_20220315T154140_20220315T154205_042334_050BF4_rtc,35.51635,35.76308,26,12,14,data/raw_s1/S1A_IW_GRDH_1SDV_20220315T154140_20220315T154205_042334_050BF4_rtc/vessels.json,200.4,12.0,0.892,1.0,-17.229999542236328,0.32100000977516174
2022-03-27,15:41:53,Sentinel-1,SENTINEL-1A,ascending,S1A_IW_GRDH_1SDV_20220327T154140_20220327T154205_042509_0511E6_rtc,35.51764,35.76503,23,13,10,data/raw_s1/S1A_IW_GRDH_1SDV_20220327T154140_20220327T154205_042509_0511E6_rtc/vessels.json,200.4,13.0,0.892,1.0,-19.559999465942383,0.2840000092983246
2022-03-22,15:34:06,Sentinel-1,SENTINEL-1A,ascending,S1A_IW_GRDH_1SDV_20220322T153353_20220322T153418_042436_050F68_rtc,35.51989,35.76265,25,16,9,data/raw_s1/S1A_IW_GRDH_1SDV_20220322T153353_20220322T153418_042436_050F68_rtc/vessels.json,200.4,16.0,0.725,1.0,-18.790000915527344,0.5210000276565552
2022-04-03,15:34:06,Sentinel-1,SENTINEL-1A,ascending,S1A_IW_GRDH_1SDV_20220403T153353_20220403T153418_042611_051558_rtc,35.5196,35.75513,19,12,7,data/raw_s1/S1A_IW_GRDH_1SDV_20220403T153353_20220403T153418_042611_051558_rtc/vessels.json,200.4,12.0,0.725,1.0,-21.56999969482422,0.33799999952316284
2022-03-04,03:43:27,Sentinel-1,SENTINEL-1A,descending,S1A_IW_GRDH_1SDV_20220304T034314_20220304T034339_042166_050642_rtc,35.52602,35.76769,51,37,14,data/raw_s1/S1A_IW_GRDH_1SDV_20220304T034314_20220304T034339_042166_050642_rtc/vessels.json,200.4,37.0,0.892,1.0,-10.319999694824219,0.382999986410141
2022-04-08,15:41:53,Sentinel-1,SENTINEL-1A,ascending,S1A_IW_GRDH_1SDV_20220408T154140_20220408T154205_042684_0517CC_rtc,35.52434,35.76245,35,17,18,data/raw_s1/S1A_IW_GRDH_1SDV_20220408T154140_20220408T154205_042684_0517CC_rtc/vessels.json,200.4,17.0,0.892,1.0,-13.800000190734863,0.3009999990463257
2022-04-20,15:41:53,Sentinel-1,SENTINEL-1A,ascending,S1A_IW_GRDH_1SDV_20220420T154141_20220420T154206_042859_051DA9_rtc,35.51445,35.764,21,11,10,data/raw_s1/S1A_IW_GRDH_1SDV_20220420T154141_20220420T154206_042859_051DA9_rtc/vessels.json,200.4,11.0,0.892,1.0,-20.18000030517578,0.2840000092983246
2022-04-15,15:34:06,Sentinel-1,SENTINEL-1A,ascending,S1A_IW_GRDH_1SDV_20220415T153354_20220415T153419_042786_051B3E_rtc,35.52082,35.76278,21,13,8,data/raw_s1/S1A_IW_GRDH_1SDV_20220415T153354_20220415T153419_042786_051B3E_rtc/vessels.json,200.4,13.0,0.726,1.0,-18.739999771118164,0.32600000500679016
2022-04-27,15:34:07,Sentinel-1,SENTINEL-1A,ascending,S1A_IW_GRDH_1SDV_20220427T153354_20220427T153419_042961_0520FC_rtc,35.51714,35.76198,14,8,6,data/raw_s1/S1A_IW_GRDH_1SDV_20220427T153354_20220427T153419_042961_0520FC_rtc/vessels.json,200.4,8.0,0.726,1.0,-19.549999237060547,0.3400000035762787
2022-05-02,15:41:54,Sentinel-1,SENTINEL-1A,ascending,S1A_IW_GRDH_1SDV_20220502T154141_20220502T154206_043034_05236C_rtc,35.51904,35.76458,16,9,7,data/raw_s1/S1A_IW_GRDH_1SDV_20220502T154141_20220502T154206_043034_05236C_rtc/vessels.json,200.4,9.0,0.892,1.0,-20.579999923706055,0.26600000262260437
2022-05-14,15:41:55,Sentinel-1,SENTINEL-1A,ascending,S1A_IW_GRDH_1SDV_20220514T154142_20220514T154207_043209_052912_rtc,35.51768,35.76591,18,11,7,data/raw_s1/S1A_IW_GRDH_1SDV_20220514T154142_20220514T154207_043209_052912_rtc/vessels.json,200.4,11.0,0.892,1.0,-20.889999389648438,0.3529999852180481
2022-05-09,15:34:07,Sentinel-1,SENTINEL-1A,ascending,S1A_IW_GRDH_1SDV_20220509T153355_20220509T153420_043136_0526D2_rtc,35.52122,35.76248,19,13,6,data/raw_s1/S1A_IW_GRDH_1SDV_20220509T153355_20220509T153420_043136_0526D2_rtc/vessels.json,200.4,13.0,0.726,1.0,-17.8799991607666,0.3409999907016754
2022-05-21,15:34:08,Sentinel-1,SENTINEL-1A,ascending,S1A_IW_GRDH_1SDV_20220521T153356_20220521T153421_043311_052C0C_rtc,35.52144,35.76266,10,6,4,data/raw_s1/S1A_IW_GRDH_1SDV_20220521T153356_20220521T153421_043311_052C0C_rtc/vessels.json,200.4,6.0,0.725,1.0,-16.959999084472656,0.2770000100135803
2022-05-03,03:43:20,Sentinel-1,SENTINEL-1A,descending,S1A_IW_GRDH_1SDV_20220503T034308_20220503T034333_043041_0523B0_rtc,35.51877,35.76448,11,9,2,data/raw_s1/S1A_IW_GRDH_1SDV_20220503T034308_20220503T034333_043041_0523B0_rtc/vessels.json,200.4,9.0,0.892,1.0,-16.709999084472656,0.296999990940094
2022-06-02,15:34:09,Sentinel-1,SENTINEL-1A,ascending,S1A_IW_GRDH_1SDV_20220602T153357_20220602T153422_043486_053133_rtc,35.51978,35.76437,15,9,6,data/raw_s1/S1A_IW_GRDH_1SDV_20220602T153357_20220602T153422_043486_053133_rtc/vessels.json,200.4,9.0,0.725,1.0,-15.430000305175781,0.28200000524520874
2022-05-10,03:35:26,Sentinel-1,SENTINEL-1A,descending,S1A_IW_GRDH_1SDV_20220510T033513_20220510T033538_043143_052712_rtc,35.51928,35.76064,18,14,4,data/raw_s1/S1A_IW_GRDH_1SDV_20220510T033513_20220510T033538_043143_052712_rtc/vessels.json,200.4,14.0,0.899,1.0,-20.510000228881836,0.3089999854564667
2022-06-07,15:41:57,Sentinel-1,SENTINEL-1A,ascending,S1A_IW_GRDH_1SDV_20220607T154144_20220607T154209_043559_053374_rtc,35.51746,35.76655,13,7,6,data/raw_s1/S1A_IW_GRDH_1SDV_20220607T154144_20220607T154209_043559_053374_rtc/vessels.json,200.4,7.0,0.892,1.0,-20.110000610351562,0.2669999897480011
2022-06-14,15:34:10,Sentinel-1,SENTINEL-1A,ascending,S1A_IW_GRDH_1SDV_20220614T153357_20220614T153422_043661_05366C_rtc,35.52039,35.76717,11,9,2,data/raw_s1/S1A_IW_GRDH_1SDV_20220614T153357_20220614T153422_043661_05366C_rtc/vessels.json,200.4,9.0,0.725,1.0,-15.600000381469727,0.28299999237060547
2022-06-19,15:41:57,Sentinel-1,SENTINEL-1A,ascending,S1A_IW_GRDH_1SDV_20220619T154145_20220619T154210_043734_0538A7_rtc,35.51527,35.76694,19,11,8,data/raw_s1/S1A_IW_GRDH_1SDV_20220619T154145_20220619T154210_043734_0538A7_rtc/vessels.json,200.4,11.0,0.892,1.0,-20.969999313354492,0.26899999380111694
2022-06-26,15:34:11,Sentinel-1,SENTINEL-1A,ascending,S1A_IW_GRDH_1SDV_20220626T153358_20220626T153423_043836_053BAE_rtc,35.52353,35.7618,14,11,3,data/raw_s1/S1A_IW_GRDH_1SDV_20220626T153358_20220626T153423_043836_053BAE_rtc/vessels.json,200.4,11.0,0.725,1.0,-14.989999771118164,0.296999990940094
2022-07-01,15:41:58,Sentinel-1,SENTINEL-1A,ascending,S1A_IW_GRDH_1SDV_20220701T154145_20220701T154210_043909_053DE2_rtc,35.51752,35.7649,24,14,10,data/raw_s1/S1A_IW_GRDH_1SDV_20220701T154145_20220701T154210_043909_053DE2_rtc/vessels.json,200.4,14.0,0.892,1.0,-19.639999389648438,0.2709999978542328
2022-07-13,15:41:58,Sentinel-1,SENTINEL-1A,ascending,S1A_IW_GRDH_1SDV_20220713T154146_20220713T154211_044084_05431A_rtc,35.51805,35.763,22,12,10,data/raw_s1/S1A_IW_GRDH_1SDV_20220713T154146_20220713T154211_044084_05431A_rtc/vessels.json,200.4,12.0,0.892,1.0,-20.34000015258789,0.26600000262260437
2022-07-25,15:41:59,Sentinel-1,SENTINEL-1A,ascending,S1A_IW_GRDH_1SDV_20220725T154147_20220725T154212_044259_05484F_rtc,35.51983,35.76032,23,11,12,data/raw_s1/S1A_IW_GRDH_1SDV_20220725T154147_20220725T154212_044259_05484F_rtc/vessels.json,200.4,11.0,0.892,1.0,-23.3799991607666,0.33799999952316284
2022-07-20,15:34:12,Sentinel-1,SENTINEL-1A,ascending,S1A_IW_GRDH_1SDV_20220720T153400_20220720T153425_044186_054621_rtc,35.51921,35.76473,12,11,1,data/raw_s1/S1A_IW_GRDH_1SDV_20220720T153400_20220720T153425_044186_054621_rtc/vessels.json,200.4,11.0,0.724,1.0,-17.15999984741211,0.27799999713897705
2022-07-14,03:43:25,Sentinel-1,SENTINEL-1A,descending,S1A_IW_GRDH_1SDV_20220714T034313_20220714T034338_044091_054350_rtc,35.52142,35.7619,19,13,6,data/raw_s1/S1A_IW_GRDH_1SDV_20220714T034313_20220714T034338_044091_054350_rtc/vessels.json,200.4,13.0,0.892,1.0,-16.06999969482422,0.2930000126361847
2022-07-02,03:43:25,Sentinel-1,SENTINEL-1A,descending,S1A_IW_GRDH_1SDV_20220702T034312_20220702T034337_043916_053E1F_rtc,35.51903,35.76642,20,17,3,data/raw_s1/S1A_IW_GRDH_1SDV_20220702T034312_20220702T034337_043916_053E1F_rtc/vessels.json,200.4,17.0,0.892,1.0,-15.270000457763672,0.2919999957084656
2022-07-09,03:35:30,Sentinel-1,SENTINEL-1A,descending,S1A_IW_GRDH_1SDV_20220709T033517_20220709T033542_044018_054118_rtc,35.52161,35.76524,12,11,1,data/raw_s1/S1A_IW_GRDH_1SDV_20220709T033517_20220709T033542_044018_054118_rtc/vessels.json,200.4,11.0,0.899,1.0,-20.110000610351562,0.3059999942779541
2022-08-01,15:34:13,Sentinel-1,SENTINEL-1A,ascending,S1A_IW_GRDH_1SDV_20220801T153400_20220801T153425_044361_054B45_rtc,35.51921,35.75621,8,5,3,data/raw_s1/S1A_IW_GRDH_1SDV_20220801T153400_20220801T153425_044361_054B45_rtc/vessels.json,200.4,5.0,0.725,1.0,-16.600000381469727,0.2809999883174896
2022-08-06,15:42:00,Sentinel-1,SENTINEL-1A,ascending,S1A_IW_GRDH_1SDV_20220806T154148_20220806T154213_044434_054D6D_rtc,35.51853,35.76248,18,11,7,data/raw_s1/S1A_IW_GRDH_1SDV_20220806T154148_20220806T154213_044434_054D6D_rtc/vessels.json,200.4,11.0,0.892,1.0,-19.700000762939453,0.2809999883174896
2022-08-13,15:34:14,Sentinel-1,SENTINEL-1A,ascending,S1A_IW_GRDH_1SDV_20220813T153401_20220813T153426_044536_0550A8_rtc,35.52133,35.76471,15,10,5,data/raw_s1/S1A_IW_GRDH_1SDV_20220813T153401_20220813T153426_044536_0550A8_rtc/vessels.json,200.4,10.0,0.725,1.0,-15.619999885559082,0.28999999165534973
2022-08-18,15:42:01,Sentinel-1,SENTINEL-1A,ascending,S1A_IW_GRDH_1SDV_20220818T154148_20220818T154213_044609_055324_rtc,35.51875,35.76331,18,9,9,data/raw_s1/S1A_IW_GRDH_1SDV_20220818T154148_20220818T154213_044609_055324_rtc/vessels.json,200.4,9.0,0.892,1.0,-20.6200008392334,0.2680000066757202
2022-08-25,15:34:14,Sentinel-1,SENTINEL-1A,ascending,S1A_IW_GRDH_1SDV_20220825T153402_20220825T153427_044711_05568D_rtc,35.51923,35.76351,15,10,5,data/raw_s1/S1A_IW_GRDH_1SDV_20220825T153402_20220825T153427_044711_05568D_rtc/vessels.json,200.4,10.0,0.725,1.0,-17.479999542236328,0.29499998688697815
2022-09-06,15:34:15,Sentinel-1,SENTINEL-1A,ascending,S1A_IW_GRDH_1SDV_20220906T153403_20220906T153428_044886_055C7E_rtc,35.5195,35.76435,16,11,5,data/raw_s1/S1A_IW_GRDH_1SDV_20220906T153403_20220906T153428_044886_055C7E_rtc/vessels.json,200.4,11.0,0.721,1.0,-15.350000381469727,0.28200000524520874
2022-09-11,15:42:02,Sentinel-1,SENTINEL-1A,ascending,S1A_IW_GRDH_1SDV_20220911T154150_20220911T154215_044959_055EEF_rtc,35.51792,35.76504,20,12,8,data/raw_s1/S1A_IW_GRDH_1SDV_20220911T154150_20220911T154215_044959_055EEF_rtc/vessels.json,200.4,12.0,0.892,1.0,-21.739999771118164,0.3149999976158142
2022-09-18,15:34:15,Sentinel-1,SENTINEL-1A,ascending,S1A_IW_GRDH_1SDV_20220918T153402_20220918T153427_045061_05625A_rtc,35.51974,35.76396,18,11,7,data/raw_s1/S1A_IW_GRDH_1SDV_20220918T153402_20220918T153427_045061_05625A_rtc/vessels.json,200.4,11.0,0.725,1.0,-18.030000686645508,0.31700000166893005
2022-09-23,15:42:01,Sentinel-1,SENTINEL-1A,ascending,S1A_IW_GRDH_1SDV_20220923T154149_20220923T154214_045134_0564D3_rtc,35.51961,35.76428,20,11,9,data/raw_s1/S1A_IW_GRDH_1SDV_20220923T154149_20220923T154214_045134_0564D3_rtc/vessels.json,200.4,11.0,0.892,1.0,-17.799999237060547,0.29600000381469727
2022-09-30,15:34:15,Sentinel-1,SENTINEL-1A,ascending,S1A_IW_GRDH_1SDV_20220930T153403_20220930T153428_045236_056836_rtc,35.5204,35.76313,9,7,2,data/raw_s1/S1A_IW_GRDH_1SDV_20220930T153403_20220930T153428_045236_056836_rtc/vessels.json,200.4,7.0,0.723,1.0,-18.450000762939453,0.3330000042915344
2022-10-05,15:42:02,Sentinel-1,SENTINEL-1A,ascending,S1A_IW_GRDH_1SDV_20221005T154150_20221005T154215_045309_056AB6_rtc,35.51744,35.76716,16,8,8,data/raw_s1/S1A_IW_GRDH_1SDV_20221005T154150_20221005T154215_045309_056AB6_rtc/vessels.json,200.4,8.0,0.892,1.0,-20.719999313354492,0.2809999883174896
2022-10-12,15:34:15,Sentinel-1,SENTINEL-1A,ascending,S1A_IW_GRDH_1SDV_20221012T153403_20221012T153428_045411_056E1E_rtc,35.52054,35.76609,19,16,3,data/raw_s1/S1A_IW_GRDH_1SDV_20221012T153403_20221012T153428_045411_056E1E_rtc/vessels.json,200.4,16.0,0.726,1.0,-18.149999618530273,0.3370000123977661
2022-10-17,15:42:02,Sentinel-1,SENTINEL-1A,ascending,S1A_IW_GRDH_1SDV_20221017T154150_20221017T154215_045484_05704D_rtc,35.51851,35.76439,20,13,7,data/raw_s1/S1A_IW_GRDH_1SDV_20221017T154150_20221017T154215_045484_05704D_rtc/vessels.json,200.4,13.0,0.892,1.0,-20.329999923706055,0.27000001072883606
2022-10-24,15:34:15,Sentinel-1,SENTINEL-1A,ascending,S1A_IW_GRDH_1SDV_20221024T153403_20221024T153428_045586_05734A_rtc,35.52019,35.76509,18,12,6,data/raw_s1/S1A_IW_GRDH_1SDV_20221024T153403_20221024T153428_045586_05734A_rtc/vessels.json,200.4,12.0,0.726,1.0,-16.68000030517578,0.2750000059604645
2022-10-29,15:42:02,Sentinel-1,SENTINEL-1A,ascending,S1A_IW_GRDH_1SDV_20221029T154150_20221029T154215_045659_0575C5_rtc,35.52015,35.76496,19,11,8,data/raw_s1/S1A_IW_GRDH_1SDV_20221029T154150_20221029T154215_045659_0575C5_rtc/vessels.json,200.4,11.0,0.892,1.0,-19.860000610351562,0.2669999897480011
2022-10-01,03:35:34,Sentinel-1,SENTINEL-1A,descending,S1A_IW_GRDH_1SDV_20221001T033521_20221001T033546_045243_05687F_rtc,35.51882,35.76125,3,2,1,data/raw_s1/S1A_IW_GRDH_1SDV_20221001T033521_20221001T033546_045243_05687F_rtc/vessels.json,200.4,2.0,0.899,1.0,-20.790000915527344,0.3330000042915344
2022-11-05,15:34:15,Sentinel-1,SENTINEL-1A,ascending,S1A_IW_GRDH_1SDV_20221105T153403_20221105T153428_045761_057931_rtc,35.52081,35.76409,19,11,8,data/raw_s1/S1A_IW_GRDH_1SDV_20221105T153403_20221105T153428_045761_057931_rtc/vessels.json,200.4,11.0,0.726,1.0,-17.270000457763672,0.2919999957084656
2022-11-10,15:42:02,Sentinel-1,SENTINEL-1A,ascending,S1A_IW_GRDH_1SDV_20221110T154149_20221110T154214_045834_057BAB_rtc,35.51526,35.76696,19,11,8,data/raw_s1/S1A_IW_GRDH_1SDV_20221110T154149_20221110T154214_045834_057BAB_rtc/vessels.json,200.4,11.0,0.892,1.0,-19.239999771118164,0.2919999957084656
2022-11-17,15:34:15,Sentinel-1,SENTINEL-1A,ascending,S1A_IW_GRDH_1SDV_20221117T153402_20221117T153427_045936_057F16_rtc,35.52114,35.76497,17,13,4,data/raw_s1/S1A_IW_GRDH_1SDV_20221117T153402_20221117T153427_045936_057F16_rtc/vessels.json,200.4,13.0,0.725,1.0,-14.470000267028809,0.296999990940094
2022-11-22,15:42:02,Sentinel-1,SENTINEL-1A,ascending,S1A_IW_GRDH_1SDV_20221122T154150_20221122T154215_046009_058198_rtc,35.51523,35.76853,21,13,8,data/raw_s1/S1A_IW_GRDH_1SDV_20221122T154150_20221122T154215_046009_058198_rtc/vessels.json,200.4,13.0,0.892,1.0,-16.8799991607666,0.34299999475479126
2022-11-29,15:34:14,Sentinel-1,SENTINEL-1A,ascending,S1A_IW_GRDH_1SDV_20221129T153402_20221129T153427_046111_058509_rtc,35.52624,35.76729,45,31,14,data/raw_s1/S1A_IW_GRDH_1SDV_20221129T153402_20221129T153427_046111_058509_rtc/vessels.json,200.4,31.0,0.724,1.0,-11.180000305175781,0.31299999356269836
2022-12-11,15:34:14,Sentinel-1,SENTINEL-1A,ascending,S1A_IW_GRDH_1SDV_20221211T153402_20221211T153427_046286_058B02_rtc,35.52798,35.76528,26,15,11,data/raw_s1/S1A_IW_GRDH_1SDV_20221211T153402_20221211T153427_046286_058B02_rtc/vessels.json,200.4,15.0,0.724,1.0,-13.59000015258789,0.33399999141693115
2022-12-04,15:42:01,Sentinel-1,SENTINEL-1A,ascending,S1A_IW_GRDH_1SDV_20221204T154149_20221204T154214_046184_05878D_rtc,35.51399,35.76704,16,11,5,data/raw_s1/S1A_IW_GRDH_1SDV_20221204T154149_20221204T154214_046184_05878D_rtc/vessels.json,200.4,11.0,0.892,1.0,-23.079999923706055,0.39800000190734863
2022-12-16,15:42:00,Sentinel-1,SENTINEL-1A,ascending,S1A_IW_GRDH_1SDV_20221216T154148_20221216T154213_046359_058D81_rtc,35.51768,35.76685,17,11,6,data/raw_s1/S1A_IW_GRDH_1SDV_20221216T154148_20221216T154213_046359_058D81_rtc/vessels.json,200.4,11.0,0.892,1.0,-19.360000610351562,0.3370000123977661
2022-12-23,15:34:13,Sentinel-1,SENTINEL-1A,ascending,S1A_IW_GRDH_1SDV_20221223T153401_20221223T153426_046461_0590FB_rtc,35.52425,35.76454,30,15,15,data/raw_s1/S1A_IW_GRDH_1SDV_20221223T153401_20221223T153426_046461_0590FB_rtc/vessels.json,200.4,15.0,0.727,1.0,-13.779999732971191,0.3190000057220459
2022-12-28,15:42:00,Sentinel-1,SENTINEL-1A,ascending,S1A_IW_GRDH_1SDV_20221228T154147_20221228T154212_046534_05937C_rtc,35.51432,35.77109,11,8,3,data/raw_s1/S1A_IW_GRDH_1SDV_20221228T154147_20221228T154212_046534_05937C_rtc/vessels.json,200.4,8.0,0.892,1.0,-20.90999984741211,0.32600000500679016
2023-01-04,15:34:13,Sentinel-1,SENTINEL-1A,ascending,S1A_IW_GRDH_1SDV_20230104T153400_20230104T153425_046636_0596ED_rtc,35.52018,35.7656,18,14,4,data/raw_s1/S1A_IW_GRDH_1SDV_20230104T153400_20230104T153425_046636_0596ED_rtc/vessels.json,200.4,14.0,0.727,1.0,-17.149999618530273,0.27799999713897705
2022-12-05,03:43:28,Sentinel-1,SENTINEL-1A,descending,S1A_IW_GRDH_1SDV_20221205T034315_20221205T034340_046191_0587CF_rtc,35.51628,35.76681,22,19,3,data/raw_s1/S1A_IW_GRDH_1SDV_20221205T034315_20221205T034340_046191_0587CF_rtc/vessels.json,200.4,19.0,0.892,1.0,-15.390000343322754,0.32600000500679016
2023-01-09,15:41:59,Sentinel-1,SENTINEL-1A,ascending,S1A_IW_GRDH_1SDV_20230109T154147_20230109T154212_046709_05995B_rtc,35.5171,35.7673,18,14,4,data/raw_s1/S1A_IW_GRDH_1SDV_20230109T154147_20230109T154212_046709_05995B_rtc/vessels.json,200.4,14.0,0.892,1.0,-16.239999771118164,0.33000001311302185
2023-01-16,15:34:12,Sentinel-1,SENTINEL-1A,ascending,S1A_IW_GRDH_1SDV_20230116T153359_20230116T153424_046811_059CCE_rtc,35.52648,35.76467,44,20,24,data/raw_s1/S1A_IW_GRDH_1SDV_20230116T153359_20230116T153424_046811_059CCE_rtc/vessels.json,200.4,20.0,0.727,1.0,-12.989999771118164,0.39500001072883606
2023-01-21,15:41:59,Sentinel-1,SENTINEL-1A,ascending,S1A_IW_GRDH_1SDV_20230121T154146_20230121T154211_046884_059F43_rtc,35.51727,35.76746,16,10,6,data/raw_s1/S1A_IW_GRDH_1SDV_20230121T154146_20230121T154211_046884_059F43_rtc/vessels.json,200.4,10.0,0.892,1.0,-16.15999984741211,0.37599998712539673
2023-01-28,15:34:12,Sentinel-1,SENTINEL-1A,ascending,S1A_IW_GRDH_1SDV_20230128T153359_20230128T153424_046986_05A2B6_rtc,35.52944,35.7658,28,16,12,data/raw_s1/S1A_IW_GRDH_1SDV_20230128T153359_20230128T153424_046986_05A2B6_rtc/vessels.json,200.4,16.0,0.724,1.0,-13.329999923706055,0.34200000762939453
2023-02-02,15:41:59,Sentinel-1,SENTINEL-1A,ascending,S1A_IW_GRDH_1SDV_20230202T154146_20230202T154211_047059_05A518_rtc,35.51609,35.76805,18,10,8,data/raw_s1/S1A_IW_GRDH_1SDV_20230202T154146_20230202T154211_047059_05A518_rtc/vessels.json,200.4,10.0,0.892,1.0,-14.970000267028809,0.3569999933242798
2023-02-14,15:41:58,Sentinel-1,SENTINEL-1A,ascending,S1A_IW_GRDH_1SDV_20230214T154145_20230214T154210_047234_05AAF2_rtc,35.518,35.7664,13,8,5,data/raw_s1/S1A_IW_GRDH_1SDV_20230214T154145_20230214T154210_047234_05AAF2_rtc/vessels.json,200.4,8.0,0.892,1.0,-18.579999923706055,0.3409999907016754
2023-02-09,15:34:11,Sentinel-1,SENTINEL-1A,ascending,S1A_IW_GRDH_1SDV_20230209T153358_20230209T153423_047161_05A88A_rtc,35.51833,35.76541,15,12,3,data/raw_s1/S1A_IW_GRDH_1SDV_20230209T153358_20230209T153423_047161_05A88A_rtc/vessels.json,200.4,12.0,0.727,1.0,-16.850000381469727,0.3050000071525574
2023-02-21,15:34:11,Sentinel-1,SENTINEL-1A,ascending,S1A_IW_GRDH_1SDV_20230221T153358_20230221T153423_047336_05AE7F_rtc,35.52142,35.76514,13,9,4,data/raw_s1/S1A_IW_GRDH_1SDV_20230221T153358_20230221T153423_047336_05AE7F_rtc/vessels.json,200.4,9.0,0.728,1.0,-16.15999984741211,0.296999990940094
2023-02-03,03:43:25,Sentinel-1,SENTINEL-1A,descending,S1A_IW_GRDH_1SDV_20230203T034313_20230203T034338_047066_05A559_rtc,35.51685,35.76871,21,15,6,data/raw_s1/S1A_IW_GRDH_1SDV_20230203T034313_20230203T034338_047066_05A559_rtc/vessels.json,200.4,15.0,0.892,1.0,-14.760000228881836,0.34299999475479126
2023-02-26,15:41:58,Sentinel-1,SENTINEL-1A,ascending,S1A_IW_GRDH_1SDV_20230226T154146_20230226T154211_047409_05B0F1_rtc,35.51785,35.76753,20,16,4,data/raw_s1/S1A_IW_GRDH_1SDV_20230226T154146_20230226T154211_047409_05B0F1_rtc/vessels.json,200.4,16.0,0.892,1.0,-24.0,0.28600001335144043
2023-03-05,15:34:11,Sentinel-1,SENTINEL-1A,ascending,S1A_IW_GRDH_1SDV_20230305T153359_20230305T153424_047511_05B469_rtc,35.51999,35.76261,16,12,4,data/raw_s1/S1A_IW_GRDH_1SDV_20230305T153359_20230305T153424_047511_05B469_rtc/vessels.json,200.4,12.0,0.725,1.0,-18.59000015258789,0.5210000276565552
2023-03-10,15:41:58,Sentinel-1,SENTINEL-1A,ascending,S1A_IW_GRDH_1SDV_20230310T154145_20230310T154210_047584_05B6DB_rtc,35.51796,35.76778,20,16,4,data/raw_s1/S1A_IW_GRDH_1SDV_20230310T154145_20230310T154210_047584_05B6DB_rtc/vessels.json,200.4,16.0,0.892,1.0,-19.90999984741211,0.2840000092983246
2023-03-22,15:41:58,Sentinel-1,SENTINEL-1A,ascending,S1A_IW_GRDH_1SDV_20230322T154145_20230322T154210_047759_05BCC9_rtc,35.51604,35.76712,18,14,4,data/raw_s1/S1A_IW_GRDH_1SDV_20230322T154145_20230322T154210_047759_05BCC9_rtc/vessels.json,200.4,14.0,0.892,1.0,-20.290000915527344,0.2750000059604645
2023-03-06,03:35:30,Sentinel-1,SENTINEL-1A,descending,S1A_IW_GRDH_1SDV_20230306T033517_20230306T033542_047518_05B4B0_rtc,35.52215,35.76675,41,30,11,data/raw_s1/S1A_IW_GRDH_1SDV_20230306T033517_20230306T033542_047518_05B4B0_rtc/vessels.json,200.4,30.0,0.899,1.0,-13.619999885559082,0.2930000126361847
2023-03-23,03:43:25,Sentinel-1,SENTINEL-1A,descending,S1A_IW_GRDH_1SDV_20230323T034312_20230323T034337_047766_05BD00_rtc,35.51748,35.76739,25,20,5,data/raw_s1/S1A_IW_GRDH_1SDV_20230323T034312_20230323T034337_047766_05BD00_rtc/vessels.json,200.4,20.0,0.892,1.0,-16.450000762939453,0.33000001311302185
2023-03-11,03:43:25,Sentinel-1,SENTINEL-1A,descending,S1A_IW_GRDH_1SDV_20230311T034312_20230311T034337_047591_05B71B_rtc,35.51795,35.76816,25,21,4,data/raw_s1/S1A_IW_GRDH_1SDV_20230311T034312_20230311T034337_047591_05B71B_rtc/vessels.json,200.4,21.0,0.892,1.0,-15.109999656677246,0.36899998784065247
2023-03-18,03:35:28,Sentinel-1,SENTINEL-1A,descending,S1A_IW_GRDH_1SDV_20230318T033513_20230318T033542_047693_05BA9E_rtc,35.51803,35.76394,8,4,4,data/raw_s1/S1A_IW_GRDH_1SDV_20230318T033513_20230318T033542_047693_05BA9E_rtc/vessels.json,200.4,4.0,0.899,1.0,-18.829999923706055,0.4959999918937683
2023-04-03,15:41:58,Sentinel-1,SENTINEL-1A,ascending,S1A_IW_GRDH_1SDV_20230403T154146_20230403T154211_047934_05C2A9_rtc,35.51646,35.76549,19,14,5,data/raw_s1/S1A_IW_GRDH_1SDV_20230403T154146_20230403T154211_047934_05C2A9_rtc/vessels.json,200.4,14.0,0.892,1.0,-20.329999923706055,0.2680000066757202
2023-04-10,15:34:12,Sentinel-1,SENTINEL-1A,ascending,S1A_IW_GRDH_1SDV_20230410T153359_20230410T153424_048036_05C623_rtc,35.52368,35.76228,10,7,3,data/raw_s1/S1A_IW_GRDH_1SDV_20230410T153359_20230410T153424_048036_05C623_rtc/vessels.json,200.4,7.0,0.724,1.0,-16.989999771118164,0.2759999930858612
2023-04-15,15:41:59,Sentinel-1,SENTINEL-1A,ascending,S1A_IW_GRDH_1SDV_20230415T154146_20230415T154211_048109_05C895_rtc,35.51588,35.76715,16,12,4,data/raw_s1/S1A_IW_GRDH_1SDV_20230415T154146_20230415T154211_048109_05C895_rtc/vessels.json,200.4,12.0,0.892,1.0,-21.420000076293945,0.28999999165534973
2023-04-22,15:34:12,Sentinel-1,SENTINEL-1A,ascending,S1A_IW_GRDH_1SDV_20230422T153400_20230422T153425_048211_05CBFC_rtc,35.51615,35.76752,15,12,3,data/raw_s1/S1A_IW_GRDH_1SDV_20230422T153400_20230422T153425_048211_05CBFC_rtc/vessels.json,200.4,12.0,0.726,1.0,-16.8700008392334,0.27300000190734863
2023-04-27,15:41:59,Sentinel-1,SENTINEL-1A,ascending,S1A_IW_GRDH_1SDV_20230427T154147_20230427T154212_048284_05CE71_rtc,35.51689,35.76696,17,13,4,data/raw_s1/S1A_IW_GRDH_1SDV_20230427T154147_20230427T154212_048284_05CE71_rtc/vessels.json,200.4,13.0,0.892,1.0,-22.09000015258789,0.3199999928474426
2023-04-04,03:43:25,Sentinel-1,SENTINEL-1A,descending,S1A_IW_GRDH_1SDV_20230404T034313_20230404T034338_047941_05C2E9_rtc,35.52095,35.76846,35,29,6,data/raw_s1/S1A_IW_GRDH_1SDV_20230404T034313_20230404T034338_047941_05C2E9_rtc/vessels.json,200.4,29.0,0.892,1.0,-14.329999923706055,0.39500001072883606
2023-05-04,15:34:13,Sentinel-1,SENTINEL-1A,ascending,S1A_IW_GRDH_1SDV_20230504T153400_20230504T153425_048386_05D1DB_rtc,35.52186,35.765,8,6,2,data/raw_s1/S1A_IW_GRDH_1SDV_20230504T153400_20230504T153425_048386_05D1DB_rtc/vessels.json,200.4,6.0,0.725,1.0,-16.510000228881836,0.27399998903274536
2023-05-09,15:42:00,Sentinel-1,SENTINEL-1A,ascending,S1A_IW_GRDH_1SDV_20230509T154147_20230509T154212_048459_05D442_rtc,35.51678,35.76423,17,11,6,data/raw_s1/S1A_IW_GRDH_1SDV_20230509T154147_20230509T154212_048459_05D442_rtc/vessels.json,200.4,11.0,0.892,1.0,-22.40999984741211,0.2879999876022339
2023-05-16,15:34:14,Sentinel-1,SENTINEL-1A,ascending,S1A_IW_GRDH_1SDV_20230516T153401_20230516T153426_048561_05D746_rtc,35.51756,35.76569,12,10,2,data/raw_s1/S1A_IW_GRDH_1SDV_20230516T153401_20230516T153426_048561_05D746_rtc/vessels.json,200.4,10.0,0.724,1.0,-16.600000381469727,0.27399998903274536
2023-05-21,15:42:01,Sentinel-1,SENTINEL-1A,ascending,S1A_IW_GRDH_1SDV_20230521T154148_20230521T154213_048634_05D970_rtc,35.51638,35.76774,14,11,3,data/raw_s1/S1A_IW_GRDH_1SDV_20230521T154148_20230521T154213_048634_05D970_rtc/vessels.json,200.4,11.0,0.892,1.0,-21.8799991607666,0.2919999957084656
2023-05-28,15:34:14,Sentinel-1,SENTINEL-1A,ascending,S1A_IW_GRDH_1SDV_20230528T153402_20230528T153427_048736_05DC77_rtc,35.51905,35.76587,15,13,2,data/raw_s1/S1A_IW_GRDH_1SDV_20230528T153402_20230528T153427_048736_05DC77_rtc/vessels.json,200.4,13.0,0.725,1.0,-17.81999969482422,0.3540000021457672
2023-06-02,15:42:01,Sentinel-1,SENTINEL-1A,ascending,S1A_IW_GRDH_1SDV_20230602T154149_20230602T154214_048809_05DEA1_rtc,35.5174,35.76623,17,12,5,data/raw_s1/S1A_IW_GRDH_1SDV_20230602T154149_20230602T154214_048809_05DEA1_rtc/vessels.json,200.4,12.0,0.892,1.0,-20.139999389648438,0.2709999978542328
2023-06-09,15:34:14,Sentinel-1,SENTINEL-1A,ascending,S1A_IW_GRDH_1SDV_20230609T153402_20230609T153427_048911_05E1BA_rtc,35.52268,35.75753,17,11,4,data/raw_s1/S1A_IW_GRDH_1SDV_20230609T153402_20230609T153427_048911_05E1BA_rtc/vessels.json,200.4,11.0,0.727,1.0,-16.65999984741211,0.28200000524520874
2023-06-14,15:42:02,Sentinel-1,SENTINEL-1A,ascending,S1A_IW_GRDH_1SDV_20230614T154149_20230614T154214_048984_05E3FD_rtc,35.51647,35.76736,17,13,4,data/raw_s1/S1A_IW_GRDH_1SDV_20230614T154149_20230614T154214_048984_05E3FD_rtc/vessels.json,200.4,13.0,0.892,1.0,-19.899999618530273,0.2669999897480011
2023-06-21,15:34:15,Sentinel-1,SENTINEL-1A,ascending,S1A_IW_GRDH_1SDV_20230621T153402_20230621T153427_049086_05E711_rtc,35.52086,35.76502,16,14,2,data/raw_s1/S1A_IW_GRDH_1SDV_20230621T153402_20230621T153427_049086_05E711_rtc/vessels.json,200.4,14.0,0.728,1.0,-16.709999084472656,0.2809999883174896
2023-06-26,15:42:02,Sentinel-1,SENTINEL-1A,ascending,S1A_IW_GRDH_1SDV_20230626T154149_20230626T154214_049159_05E94B_rtc,35.51594,35.76687,19,15,4,data/raw_s1/S1A_IW_GRDH_1SDV_20230626T154149_20230626T154214_049159_05E94B_rtc/vessels.json,200.4,15.0,0.892,1.0,-19.850000381469727,0.27000001072883606
2023-06-03,03:43:28,Sentinel-1,SENTINEL-1A,descending,S1A_IW_GRDH_1SDV_20230603T034315_20230603T034340_048816_05DEDF_rtc,35.51873,35.76494,20,16,4,data/raw_s1/S1A_IW_GRDH_1SDV_20230603T034315_20230603T034340_048816_05DEDF_rtc/vessels.json,200.4,16.0,0.892,1.0,-16.239999771118164,0.29899999499320984
2023-07-03,15:34:16,Sentinel-1,SENTINEL-1A,ascending,S1A_IW_GRDH_1SDV_20230703T153403_20230703T153428_049261_05EC65_rtc,35.51858,35.76578,15,13,2,data/raw_s1/S1A_IW_GRDH_1SDV_20230703T153403_20230703T153428_049261_05EC65_rtc/vessels.json,200.4,13.0,0.726,1.0,-17.170000076293945,0.2809999883174896
2023-07-08,15:42:03,Sentinel-1,SENTINEL-1A,ascending,S1A_IW_GRDH_1SDV_20230708T154151_20230708T154216_049334_05EEB3_rtc,35.51648,35.76188,18,9,9,data/raw_s1/S1A_IW_GRDH_1SDV_20230708T154151_20230708T154216_049334_05EEB3_rtc/vessels.json,200.4,9.0,0.892,1.0,-19.15999984741211,0.2770000100135803
2023-07-15,15:34:17,Sentinel-1,SENTINEL-1A,ascending,S1A_IW_GRDH_1SDV_20230715T153404_20230715T153429_049436_05F1D1_rtc,35.51765,35.76494,9,7,2,data/raw_s1/S1A_IW_GRDH_1SDV_20230715T153404_20230715T153429_049436_05F1D1_rtc/vessels.json,200.4,7.0,0.723,1.0,-18.610000610351562,0.3190000057220459
2023-07-20,15:42:04,Sentinel-1,SENTINEL-1A,ascending,S1A_IW_GRDH_1SDV_20230720T154151_20230720T154216_049509_05F406_rtc,35.51858,35.76381,13,8,5,data/raw_s1/S1A_IW_GRDH_1SDV_20230720T154151_20230720T154216_049509_05F406_rtc/vessels.json,200.4,8.0,0.892,1.0,-19.989999771118164,0.2720000147819519
2023-07-27,15:34:17,Sentinel-1,SENTINEL-1A,ascending,S1A_IW_GRDH_1SDV_20230727T153405_20230727T153430_049611_05F731_rtc,35.52039,35.76365,12,10,2,data/raw_s1/S1A_IW_GRDH_1SDV_20230727T153405_20230727T153430_049611_05F731_rtc/vessels.json,200.4,10.0,0.724,1.0,-16.219999313354492,0.27900001406669617
2023-08-01,15:42:04,Sentinel-1,SENTINEL-1A,ascending,S1A_IW_GRDH_1SDV_20230801T154152_20230801T154217_049684_05F972_rtc,35.51483,35.76716,16,11,5,data/raw_s1/S1A_IW_GRDH_1SDV_20230801T154152_20230801T154217_049684_05F972_rtc/vessels.json,200.4,11.0,0.892,1.0,-20.5,0.2680000066757202
2023-08-08,15:34:18,Sentinel-1,SENTINEL-1A,ascending,S1A_IW_GRDH_1SDV_20230808T153405_20230808T153430_049786_05FCA6_rtc,35.52018,35.75683,21,13,5,data/raw_s1/S1A_IW_GRDH_1SDV_20230808T153405_20230808T153430_049786_05FCA6_rtc/vessels.json,200.4,13.0,0.726,1.0,-15.579999923706055,0.2849999964237213
2023-08-13,15:42:05,Sentinel-1,SENTINEL-1A,ascending,S1A_IW_GRDH_1SDV_20230813T154153_20230813T154218_049859_05FF25_rtc,35.51754,35.76581,18,13,5,data/raw_s1/S1A_IW_GRDH_1SDV_20230813T154153_20230813T154218_049859_05FF25_rtc/vessels.json,200.4,13.0,0.892,1.0,-23.84000015258789,0.2939999997615814
2023-08-20,15:34:19,Sentinel-1,SENTINEL-1A,ascending,S1A_IW_GRDH_1SDV_20230820T153406_20230820T153431_049961_0602A6_rtc,35.52112,35.76695,15,13,2,data/raw_s1/S1A_IW_GRDH_1SDV_20230820T153406_20230820T153431_049961_0602A6_rtc/vessels.json,200.4,13.0,0.724,1.0,-17.760000228881836,0.3059999942779541
2023-08-25,15:42:06,Sentinel-1,SENTINEL-1A,ascending,S1A_IW_GRDH_1SDV_20230825T154153_20230825T154218_050034_060517_rtc,35.51717,35.76194,15,9,6,data/raw_s1/S1A_IW_GRDH_1SDV_20230825T154153_20230825T154218_050034_060517_rtc/vessels.json,200.4,9.0,0.892,1.0,-20.389999389648438,0.2680000066757202
2023-08-02,03:43:31,Sentinel-1,SENTINEL-1A,descending,S1A_IW_GRDH_1SDV_20230802T034319_20230802T034344_049691_05F9AE_rtc,35.51729,35.7668,17,14,3,data/raw_s1/S1A_IW_GRDH_1SDV_20230802T034319_20230802T034344_049691_05F9AE_rtc/vessels.json,200.4,14.0,0.892,1.0,-16.229999542236328,0.32499998807907104
2023-09-01,15:34:20,Sentinel-1,SENTINEL-1A,ascending,S1A_IW_GRDH_1SDV_20230901T153407_20230901T153432_050136_0608A6_rtc,35.51517,35.76754,11,11,0,data/raw_s1/S1A_IW_GRDH_1SDV_20230901T153407_20230901T153432_050136_0608A6_rtc/vessels.json,200.4,11.0,0.725,1.0,-17.040000915527344,0.28200000524520874
2023-09-06,15:42:07,Sentinel-1,SENTINEL-1A,ascending,S1A_IW_GRDH_1SDV_20230906T154154_20230906T154219_050209_060B15_rtc,35.51541,35.76761,20,15,5,data/raw_s1/S1A_IW_GRDH_1SDV_20230906T154154_20230906T154219_050209_060B15_rtc/vessels.json,200.4,15.0,0.892,1.0,-20.6200008392334,0.2720000147819519
2023-09-25,15:34:20,Sentinel-1,SENTINEL-1A,ascending,S1A_IW_GRDH_1SDV_20230925T153408_20230925T153433_050486_061492_rtc,35.52208,35.76384,8,7,1,data/raw_s1/S1A_IW_GRDH_1SDV_20230925T153408_20230925T153433_050486_061492_rtc/vessels.json,200.4,7.0,0.721,1.0,-16.43000030517578,0.27399998903274536
2023-09-18,15:42:07,Sentinel-1,SENTINEL-1A,ascending,S1A_IW_GRDH_1SDV_20230918T154155_20230918T154220_050384_06110A_rtc,35.5154,35.7669,14,10,4,data/raw_s1/S1A_IW_GRDH_1SDV_20230918T154155_20230918T154220_050384_06110A_rtc/vessels.json,200.4,10.0,0.892,1.0,-20.729999542236328,0.26899999380111694
2023-09-02,03:35:38,Sentinel-1,SENTINEL-1A,descending,S1A_IW_GRDH_1SDV_20230902T033526_20230902T033551_050143_0608EF_rtc,35.52112,35.76858,13,13,0,data/raw_s1/S1A_IW_GRDH_1SDV_20230902T033526_20230902T033551_050143_0608EF_rtc/vessels.json,200.4,13.0,0.899,1.0,-20.729999542236328,0.2939999997615814
2023-09-07,03:43:33,Sentinel-1,SENTINEL-1A,descending,S1A_IW_GRDH_1SDV_20230907T034321_20230907T034346_050216_060B4C_rtc,35.51708,35.76701,25,21,4,data/raw_s1/S1A_IW_GRDH_1SDV_20230907T034321_20230907T034346_050216_060B4C_rtc/vessels.json,200.4,21.0,0.892,1.0,-16.31999969482422,0.3050000071525574
2023-10-07,15:34:20,Sentinel-1,SENTINEL-1A,ascending,S1A_IW_GRDH_1SDV_20231007T153408_20231007T153433_050661_061A91_rtc,35.52128,35.75881,12,8,4,data/raw_s1/S1A_IW_GRDH_1SDV_20231007T153408_20231007T153433_050661_061A91_rtc/vessels.json,200.4,8.0,0.723,1.0,-17.3700008392334,0.30000001192092896
2023-10-12,15:42:07,Sentinel-1,SENTINEL-1A,ascending,S1A_IW_GRDH_1SDV_20231012T154154_20231012T154219_050734_061D05_rtc,35.51851,35.76534,18,14,4,data/raw_s1/S1A_IW_GRDH_1SDV_20231012T154154_20231012T154219_050734_061D05_rtc/vessels.json,200.4,14.0,0.892,1.0,-23.559999465942383,0.3199999928474426
2023-10-19,15:34:20,Sentinel-1,SENTINEL-1A,ascending,S1A_IW_GRDH_1SDV_20231019T153408_20231019T153433_050836_06208C_rtc,35.52133,35.76588,12,10,2,data/raw_s1/S1A_IW_GRDH_1SDV_20231019T153408_20231019T153433_050836_06208C_rtc/vessels.json,200.4,10.0,0.723,1.0,-15.1899995803833,0.30799999833106995
2023-10-24,15:42:07,Sentinel-1,SENTINEL-1A,ascending,S1A_IW_GRDH_1SDV_20231024T154155_20231024T154220_050909_0622FE_rtc,35.51558,35.76787,14,11,3,data/raw_s1/S1A_IW_GRDH_1SDV_20231024T154155_20231024T154220_050909_0622FE_rtc/vessels.json,200.4,11.0,0.892,1.0,-20.3799991607666,0.2669999897480011
2023-10-01,03:43:34,Sentinel-1,SENTINEL-1A,descending,S1A_IW_GRDH_1SDV_20231001T034322_20231001T034347_050566_061747_rtc,35.5216,35.76599,22,17,5,data/raw_s1/S1A_IW_GRDH_1SDV_20231001T034322_20231001T034347_050566_061747_rtc/vessels.json,200.4,17.0,0.892,1.0,-12.90999984741211,0.3230000138282776
2023-10-08,03:35:39,Sentinel-1,SENTINEL-1A,descending,S1A_IW_GRDH_1SDV_20231008T033526_20231008T033551_050668_061ADA_rtc,35.52087,35.76723,15,13,2,data/raw_s1/S1A_IW_GRDH_1SDV_20231008T033526_20231008T033551_050668_061ADA_rtc/vessels.json,200.4,13.0,0.899,1.0,-20.200000762939453,0.3179999887943268
2023-11-05,15:42:07,Sentinel-1,SENTINEL-1A,ascending,S1A_IW_GRDH_1SDV_20231105T154154_20231105T154219_051084_0628FB_rtc,35.51563,35.7633,13,8,5,data/raw_s1/S1A_IW_GRDH_1SDV_20231105T154154_20231105T154219_051084_0628FB_rtc/vessels.json,200.4,8.0,0.892,1.0,-21.3799991607666,0.2809999883174896
2023-11-12,15:34:20,Sentinel-1,SENTINEL-1A,ascending,S1A_IW_GRDH_1SDV_20231112T153407_20231112T153432_051186_062C8E_rtc,35.52067,35.76055,8,5,3,data/raw_s1/S1A_IW_GRDH_1SDV_20231112T153407_20231112T153432_051186_062C8E_rtc/vessels.json,200.4,5.0,0.725,1.0,-21.40999984741211,0.48399999737739563
2023-11-17,15:42:07,Sentinel-1,SENTINEL-1A,ascending,S1A_IW_GRDH_1SDV_20231117T154154_20231117T154219_051259_062F0A_rtc,35.51582,35.7668,13,9,4,data/raw_s1/S1A_IW_GRDH_1SDV_20231117T154154_20231117T154219_051259_062F0A_rtc/vessels.json,200.4,9.0,0.892,1.0,-21.030000686645508,0.27799999713897705
2023-11-24,15:34:19,Sentinel-1,SENTINEL-1A,ascending,S1A_IW_GRDH_1SDV_20231124T153407_20231124T153432_051361_063298_rtc,35.51738,35.76153,18,10,8,data/raw_s1/S1A_IW_GRDH_1SDV_20231124T153407_20231124T153432_051361_063298_rtc/vessels.json,200.4,10.0,0.727,1.0,-15.5600004196167,0.36000001430511475
2023-11-01,03:35:39,Sentinel-1,SENTINEL-1A,descending,S1A_IW_GRDH_1SDV_20231101T033526_20231101T033551_051018_0626D2_rtc,35.51554,35.7676,3,3,0,data/raw_s1/S1A_IW_GRDH_1SDV_20231101T033526_20231101T033551_051018_0626D2_rtc/vessels.json,200.4,3.0,0.899,1.0,-22.020000457763672,0.43799999356269836
2023-11-29,15:42:06,Sentinel-1,SENTINEL-1A,ascending,S1A_IW_GRDH_1SDV_20231129T154153_20231129T154218_051434_063514_rtc,35.51405,35.76832,10,5,5,data/raw_s1/S1A_IW_GRDH_1SDV_20231129T154153_20231129T154218_051434_063514_rtc/vessels.json,200.4,5.0,0.892,1.0,-16.440000534057617,0.32899999618530273
2023-12-06,15:34:19,Sentinel-1,SENTINEL-1A,ascending,S1A_IW_GRDH_1SDV_20231206T153407_20231206T153432_051536_06389C_rtc,35.51287,35.76913,13,7,6,data/raw_s1/S1A_IW_GRDH_1SDV_20231206T153407_20231206T153432_051536_06389C_rtc/vessels.json,200.4,7.0,0.724,1.0,-14.640000343322754,0.3319999873638153
2023-12-11,15:42:06,Sentinel-1,SENTINEL-1A,ascending,S1A_IW_GRDH_1SDV_20231211T154153_20231211T154218_051609_063B2B_rtc,35.51563,35.76763,11,6,5,data/raw_s1/S1A_IW_GRDH_1SDV_20231211T154153_20231211T154218_051609_063B2B_rtc/vessels.json,200.4,6.0,0.892,1.0,-16.959999084472656,0.37299999594688416
2023-12-18,15:34:18,Sentinel-1,SENTINEL-1A,ascending,S1A_IW_GRDH_1SDV_20231218T153406_20231218T153431_051711_063EBC_rtc,35.5162,35.76733,17,11,6,data/raw_s1/S1A_IW_GRDH_1SDV_20231218T153406_20231218T153431_051711_063EBC_rtc/vessels.json,200.4,11.0,0.724,1.0,-15.329999923706055,0.30300000309944153
2023-12-23,15:42:05,Sentinel-1,SENTINEL-1A,ascending,S1A_IW_GRDH_1SDV_20231223T154152_20231223T154217_051784_064135_rtc,35.516,35.76674,17,11,6,data/raw_s1/S1A_IW_GRDH_1SDV_20231223T154152_20231223T154217_051784_064135_rtc/vessels.json,200.4,11.0,0.892,1.0,-17.1299991607666,0.3269999921321869
2023-12-30,15:34:18,Sentinel-1,SENTINEL-1A,ascending,S1A_IW_GRDH_1SDV_20231230T153405_20231230T153430_051886_0644C2_rtc,35.51881,35.76582,18,15,3,data/raw_s1/S1A_IW_GRDH_1SDV_20231230T153405_20231230T153430_051886_0644C2_rtc/vessels.json,200.4,15.0,0.725,1.0,-20.649999618530273,0.460999995470047
2024-01-11,15:34:17,Sentinel-1,SENTINEL-1A,ascending,S1A_IW_GRDH_1SDV_20240111T153404_20240111T153429_052061_064AB3_rtc,35.51778,35.76808,10,10,0,data/raw_s1/S1A_IW_GRDH_1SDV_20240111T153404_20240111T153429_052061_064AB3_rtc/vessels.json,200.4,10.0,0.727,1.0,-18.860000610351562,0.4650000035762787
2024-01-16,15:42:03,Sentinel-1,SENTINEL-1A,ascending,S1A_IW_GRDH_1SDV_20240116T154151_20240116T154216_052134_064D33_rtc,35.5128,35.76987,13,6,7,data/raw_s1/S1A_IW_GRDH_1SDV_20240116T154151_20240116T154216_052134_064D33_rtc/vessels.json,200.4,6.0,0.892,1.0,-14.920000076293945,0.3160000145435333
2024-01-23,15:34:17,Sentinel-1,SENTINEL-1A,ascending,S1A_IW_GRDH_1SDV_20240123T153404_20240123T153429_052236_0650A1_rtc,35.5228,35.76602,13,10,3,data/raw_s1/S1A_IW_GRDH_1SDV_20240123T153404_20240123T153429_052236_0650A1_rtc/vessels.json,200.4,10.0,0.726,1.0,-17.110000610351562,0.3869999945163727
2024-01-28,15:42:04,Sentinel-1,SENTINEL-1A,ascending,S1A_IW_GRDH_1SDV_20240128T154151_20240128T154216_052309_065317_rtc,35.51385,35.76928,17,10,7,data/raw_s1/S1A_IW_GRDH_1SDV_20240128T154151_20240128T154216_052309_065317_rtc/vessels.json,200.4,10.0,0.892,1.0,-18.479999542236328,0.33399999141693115
2024-01-05,03:43:31,Sentinel-1,SENTINEL-1A,descending,S1A_IW_GRDH_1SDV_20240105T034319_20240105T034344_051966_06477A_rtc,35.52312,35.76663,37,28,9,data/raw_s1/S1A_IW_GRDH_1SDV_20240105T034319_20240105T034344_051966_06477A_rtc/vessels.json,200.4,28.0,0.892,1.0,-11.449999809265137,0.32199999690055847
2024-01-12,03:35:36,Sentinel-1,SENTINEL-1A,descending,S1A_IW_GRDH_1SDV_20240112T033523_20240112T033548_052068_064AFB_rtc,35.52144,35.76637,21,18,3,data/raw_s1/S1A_IW_GRDH_1SDV_20240112T033523_20240112T033548_052068_064AFB_rtc/vessels.json,200.4,18.0,0.899,1.0,-16.959999084472656,0.4020000100135803
2024-02-04,15:34:16,Sentinel-1,SENTINEL-1A,ascending,S1A_IW_GRDH_1SDV_20240204T153404_20240204T153429_052411_06568D_rtc,35.51951,35.76632,13,11,2,data/raw_s1/S1A_IW_GRDH_1SDV_20240204T153404_20240204T153429_052411_06568D_rtc/vessels.json,200.4,11.0,0.726,1.0,-15.0600004196167,0.3149999976158142
2024-02-16,15:34:16,Sentinel-1,SENTINEL-1A,ascending,S1A_IW_GRDH_1SDV_20240216T153404_20240216T153429_052586_065C79_rtc,35.52108,35.76564,11,9,2,data/raw_s1/S1A_IW_GRDH_1SDV_20240216T153404_20240216T153429_052586_065C79_rtc/vessels.json,200.4,9.0,0.725,1.0,-16.1200008392334,0.43700000643730164
2024-02-21,15:42:03,Sentinel-1,SENTINEL-1A,ascending,S1A_IW_GRDH_1SDV_20240221T154150_20240221T154215_052659_065EEB_rtc,35.51697,35.768,17,11,6,data/raw_s1/S1A_IW_GRDH_1SDV_20240221T154150_20240221T154215_052659_065EEB_rtc/vessels.json,200.4,11.0,0.892,1.0,-22.690000534057617,0.34299999475479126
2024-02-28,15:34:16,Sentinel-1,SENTINEL-1A,ascending,S1A_IW_GRDH_1SDV_20240228T153404_20240228T153429_052761_066265_rtc,35.52083,35.76597,13,10,3,data/raw_s1/S1A_IW_GRDH_1SDV_20240228T153404_20240228T153429_052761_066265_rtc/vessels.json,200.4,10.0,0.725,1.0,-16.829999923706055,0.2809999883174896
2024-02-05,03:35:35,Sentinel-1,SENTINEL-1A,descending,S1A_IW_GRDH_1SDV_20240205T033522_20240205T033547_052418_0656CF_rtc,35.52109,35.76739,25,23,2,data/raw_s1/S1A_IW_GRDH_1SDV_20240205T033522_20240205T033547_052418_0656CF_rtc/vessels.json,200.4,23.0,0.899,1.0,-16.239999771118164,0.3529999852180481
2024-03-04,15:42:03,Sentinel-1,SENTINEL-1A,ascending,S1A_IW_GRDH_1SDV_20240304T154151_20240304T154216_052834_0664DF_rtc,35.51719,35.76685,19,13,6,data/raw_s1/S1A_IW_GRDH_1SDV_20240304T154151_20240304T154216_052834_0664DF_rtc/vessels.json,200.4,13.0,0.892,1.0,-20.979999542236328,0.2720000147819519
2024-03-11,15:34:16,Sentinel-1,SENTINEL-1A,ascending,S1A_IW_GRDH_1SDV_20240311T153404_20240311T153429_052936_06685B_rtc,35.52109,35.76378,12,8,4,data/raw_s1/S1A_IW_GRDH_1SDV_20240311T153404_20240311T153429_052936_06685B_rtc/vessels.json,200.4,8.0,0.726,1.0,-19.0,0.3790000081062317
2024-03-16,15:42:03,Sentinel-1,SENTINEL-1A,ascending,S1A_IW_GRDH_1SDV_20240316T154151_20240316T154216_053009_066AF1_rtc,35.51649,35.76801,18,12,6,data/raw_s1/S1A_IW_GRDH_1SDV_20240316T154151_20240316T154216_053009_066AF1_rtc/vessels.json,200.4,12.0,0.892,1.0,-20.469999313354492,0.2800000011920929
2024-03-28,15:42:03,Sentinel-1,SENTINEL-1A,ascending,S1A_IW_GRDH_1SDV_20240328T154151_20240328T154216_053184_0671A3_rtc,35.51827,35.76755,16,11,5,data/raw_s1/S1A_IW_GRDH_1SDV_20240328T154151_20240328T154216_053184_0671A3_rtc/vessels.json,200.4,11.0,0.892,1.0,-18.920000076293945,0.35499998927116394
2024-03-23,15:34:16,Sentinel-1,SENTINEL-1A,ascending,S1A_IW_GRDH_1SDV_20240323T153404_20240323T153429_053111_066EE4_rtc,35.52143,35.76451,13,11,2,data/raw_s1/S1A_IW_GRDH_1SDV_20240323T153404_20240323T153429_053111_066EE4_rtc/vessels.json,200.4,11.0,0.726,1.0,-17.020000457763672,0.29499998688697815
2024-03-05,03:43:30,Sentinel-1,SENTINEL-1A,descending,S1A_IW_GRDH_1SDV_20240305T034317_20240305T034342_052841_066520_rtc,35.51642,35.7665,21,18,3,data/raw_s1/S1A_IW_GRDH_1SDV_20240305T034317_20240305T034342_052841_066520_rtc/vessels.json,200.4,18.0,0.892,1.0,-15.09000015258789,0.3050000071525574
2024-04-09,15:42:04,Sentinel-1,SENTINEL-1A,ascending,S1A_IW_GRDH_1SDV_20240409T154151_20240409T154216_053359_067879_rtc,35.5179,35.76583,16,10,6,data/raw_s1/S1A_IW_GRDH_1SDV_20240409T154151_20240409T154216_053359_067879_rtc/vessels.json,200.4,10.0,0.892,1.0,-18.06999969482422,0.3269999921321869
2024-04-16,15:34:17,Sentinel-1,SENTINEL-1A,ascending,S1A_IW_GRDH_1SDV_20240416T153405_20240416T153430_053461_067C7B_rtc,35.51952,35.76325,14,11,3,data/raw_s1/S1A_IW_GRDH_1SDV_20240416T153405_20240416T153430_053461_067C7B_rtc/vessels.json,200.4,11.0,0.727,1.0,-19.90999984741211,0.3050000071525574
2024-03-12,03:35:35,Sentinel-1,SENTINEL-1A,descending,S1A_IW_GRDH_1SDV_20240312T033522_20240312T033547_052943_0668A4_rtc,35.52194,35.7675,18,16,2,data/raw_s1/S1A_IW_GRDH_1SDV_20240312T033522_20240312T033547_052943_0668A4_rtc/vessels.json,200.4,16.0,0.899,1.0,-20.719999313354492,0.4180000126361847
2024-04-21,15:42:04,Sentinel-1,SENTINEL-1A,ascending,S1A_IW_GRDH_1SDV_20240421T154152_20240421T154217_053534_067F5E_rtc,35.51794,35.76611,22,15,7,data/raw_s1/S1A_IW_GRDH_1SDV_20240421T154152_20240421T154217_053534_067F5E_rtc/vessels.json,200.4,15.0,0.892,1.0,-21.350000381469727,0.29899999499320984
2024-04-28,15:34:18,Sentinel-1,SENTINEL-1A,ascending,S1A_IW_GRDH_1SDV_20240428T153405_20240428T153430_053636_06835A_rtc,35.523,35.76628,12,10,2,data/raw_s1/S1A_IW_GRDH_1SDV_20240428T153405_20240428T153430_053636_06835A_rtc/vessels.json,200.4,10.0,0.725,1.0,-15.930000305175781,0.30399999022483826
2024-04-22,03:43:31,Sentinel-1,SENTINEL-1A,descending,S1A_IW_GRDH_1SDV_20240422T034318_20240422T034343_053541_067FA9_rtc,35.51907,35.76617,23,18,5,data/raw_s1/S1A_IW_GRDH_1SDV_20240422T034318_20240422T034343_053541_067FA9_rtc/vessels.json,200.4,18.0,0.892,1.0,-15.760000228881836,0.3540000021457672
2024-04-05,03:35:36,Sentinel-1,SENTINEL-1A,descending,S1A_IW_GRDH_1SDV_20240405T033523_20240405T033548_053293_0675D8_rtc,35.51995,35.76337,21,17,4,data/raw_s1/S1A_IW_GRDH_1SDV_20240405T033523_20240405T033548_053293_0675D8_rtc/vessels.json,200.4,17.0,0.899,1.0,-20.010000228881836,0.3019999861717224
2024-04-17,03:35:36,Sentinel-1,SENTINEL-1A,descending,S1A_IW_GRDH_1SDV_20240417T033523_20240417T033548_053468_067CCB_rtc,35.51843,35.75728,8,3,5,data/raw_s1/S1A_IW_GRDH_1SDV_20240417T033523_20240417T033548_053468_067CCB_rtc/vessels.json,200.4,3.0,0.899,1.0,-22.850000381469727,0.48100000619888306
2024-05-03,15:42:05,Sentinel-1,SENTINEL-1A,ascending,S1A_IW_GRDH_1SDV_20240503T154152_20240503T154217_053709_068641_rtc,35.51694,35.7678,15,11,4,data/raw_s1/S1A_IW_GRDH_1SDV_20240503T154152_20240503T154217_053709_068641_rtc/vessels.json,200.4,11.0,0.892,1.0,-15.220000267028809,0.3089999854564667
2024-05-10,15:34:18,Sentinel-1,SENTINEL-1A,ascending,S1A_IW_GRDH_1SDV_20240510T153405_20240510T153430_053811_068A0F_rtc,35.51607,35.76743,17,13,4,data/raw_s1/S1A_IW_GRDH_1SDV_20240510T153405_20240510T153430_053811_068A0F_rtc/vessels.json,200.4,13.0,0.726,1.0,-18.530000686645508,0.4860000014305115
2024-05-15,15:42:04,Sentinel-1,SENTINEL-1A,ascending,S1A_IW_GRDH_1SDV_20240515T154152_20240515T154217_053884_068C8C_rtc,35.51486,35.76676,15,11,4,data/raw_s1/S1A_IW_GRDH_1SDV_20240515T154152_20240515T154217_053884_068C8C_rtc/vessels.json,200.4,11.0,0.892,1.0,-22.8799991607666,0.32100000977516174
2024-05-22,15:34:17,Sentinel-1,SENTINEL-1A,ascending,S1A_IW_GRDH_1SDV_20240522T153405_20240522T153430_053986_069013_rtc,35.51865,35.76388,16,11,5,data/raw_s1/S1A_IW_GRDH_1SDV_20240522T153405_20240522T153430_053986_069013_rtc/vessels.json,200.4,11.0,0.73,1.0,-16.389999389648438,0.2800000011920929
2024-05-27,15:42:04,Sentinel-1,SENTINEL-1A,ascending,S1A_IW_GRDH_1SDV_20240527T154152_20240527T154217_054059_0692A2_rtc,35.5166,35.7672,14,10,4,data/raw_s1/S1A_IW_GRDH_1SDV_20240527T154152_20240527T154217_054059_0692A2_rtc/vessels.json,200.4,10.0,0.892,1.0,-19.829999923706055,0.2879999876022339
2024-05-04,03:43:31,Sentinel-1,SENTINEL-1A,descending,S1A_IW_GRDH_1SDV_20240504T034319_20240504T034344_053716_06868A_rtc,35.52277,35.76659,35,27,8,data/raw_s1/S1A_IW_GRDH_1SDV_20240504T034319_20240504T034344_053716_06868A_rtc/vessels.json,200.4,27.0,0.892,1.0,-12.300000190734863,0.328000009059906
2024-06-03,15:34:17,Sentinel-1,SENTINEL-1A,ascending,S1A_IW_GRDH_1SDV_20240603T153405_20240603T153430_054161_069622_rtc,35.52053,35.76668,15,13,2,data/raw_s1/S1A_IW_GRDH_1SDV_20240603T153405_20240603T153430_054161_069622_rtc/vessels.json,200.4,13.0,0.728,1.0,-19.40999984741211,0.503000020980835
2024-06-08,15:42:04,Sentinel-1,SENTINEL-1A,ascending,S1A_IW_GRDH_1SDV_20240608T154151_20240608T154216_054234_0698B0_rtc,35.5179,35.76607,16,11,5,data/raw_s1/S1A_IW_GRDH_1SDV_20240608T154151_20240608T154216_054234_0698B0_rtc/vessels.json,200.4,11.0,0.892,1.0,-20.639999389648438,0.28600001335144043
2024-06-04,03:35:36,Sentinel-1,SENTINEL-1A,descending,S1A_IW_GRDH_1SDV_20240604T033523_20240604T033548_054168_069664_rtc,35.51894,35.76843,12,12,0,data/raw_s1/S1A_IW_GRDH_1SDV_20240604T033523_20240604T033548_054168_069664_rtc/vessels.json,200.4,12.0,0.899,1.0,-23.280000686645508,0.46000000834465027
2024-06-20,15:42:03,Sentinel-1,SENTINEL-1A,ascending,S1A_IW_GRDH_1SDV_20240620T154151_20240620T154216_054409_069EBE_rtc,35.51311,35.76756,11,6,5,data/raw_s1/S1A_IW_GRDH_1SDV_20240620T154151_20240620T154216_054409_069EBE_rtc/vessels.json,200.4,6.0,0.892,1.0,-20.8700008392334,0.30799999833106995
2024-06-09,03:43:30,Sentinel-1,SENTINEL-1A,descending,S1A_IW_GRDH_1SDV_20240609T034318_20240609T034343_054241_0698F2_rtc,35.51963,35.76641,18,15,3,data/raw_s1/S1A_IW_GRDH_1SDV_20240609T034318_20240609T034343_054241_0698F2_rtc/vessels.json,200.4,15.0,0.892,1.0,-15.739999771118164,0.29100000858306885
2024-06-16,03:35:35,Sentinel-1,SENTINEL-1A,descending,S1A_IW_GRDH_1SDV_20240616T033523_20240616T033548_054343_069C71_rtc,35.51947,35.76878,13,13,0,data/raw_s1/S1A_IW_GRDH_1SDV_20240616T033523_20240616T033548_054343_069C71_rtc/vessels.json,200.4,13.0,0.899,1.0,-20.43000030517578,0.29899999499320984
2024-07-02,15:42:02,Sentinel-1,SENTINEL-1A,ascending,S1A_IW_GRDH_1SDV_20240702T154150_20240702T154215_054584_06A4D5_rtc,35.51672,35.76796,19,14,5,data/raw_s1/S1A_IW_GRDH_1SDV_20240702T154150_20240702T154215_054584_06A4D5_rtc/vessels.json,200.4,14.0,0.892,1.0,-20.059999465942383,0.27000001072883606
2024-07-09,15:34:16,Sentinel-1,SENTINEL-1A,ascending,S1A_IW_GRDH_1SDV_20240709T153403_20240709T153428_054686_06A859_rtc,35.52347,35.76589,9,7,2,data/raw_s1/S1A_IW_GRDH_1SDV_20240709T153403_20240709T153428_054686_06A859_rtc/vessels.json,200.4,7.0,0.729,1.0,-16.540000915527344,0.28999999165534973
2024-07-14,15:42:02,Sentinel-1,SENTINEL-1A,ascending,S1A_IW_GRDH_1SDV_20240714T154150_20240714T154215_054759_06AAE2_rtc,35.5177,35.76654,13,8,5,data/raw_s1/S1A_IW_GRDH_1SDV_20240714T154150_20240714T154215_054759_06AAE2_rtc/vessels.json,200.4,8.0,0.892,1.0,-18.850000381469727,0.2750000059604645
2024-07-26,15:42:02,Sentinel-1,SENTINEL-1A,ascending,S1A_IW_GRDH_1SDV_20240726T154149_20240726T154214_054934_06B0F9_rtc,35.51689,35.76469,16,11,5,data/raw_s1/S1A_IW_GRDH_1SDV_20240726T154149_20240726T154214_054934_06B0F9_rtc/vessels.json,200.4,11.0,0.892,1.0,-18.93000030517578,0.27900001406669617
2024-07-21,15:34:15,Sentinel-1,SENTINEL-1A,ascending,S1A_IW_GRDH_1SDV_20240721T153403_20240721T153428_054861_06AE67_rtc,35.52448,35.76659,7,6,1,data/raw_s1/S1A_IW_GRDH_1SDV_20240721T153403_20240721T153428_054861_06AE67_rtc/vessels.json,200.4,6.0,0.728,1.0,-16.030000686645508,0.28200000524520874
2024-07-03,03:43:29,Sentinel-1,SENTINEL-1A,descending,S1A_IW_GRDH_1SDV_20240703T034317_20240703T034342_054591_06A515_rtc,35.51667,35.7687,23,16,7,data/raw_s1/S1A_IW_GRDH_1SDV_20240703T034317_20240703T034342_054591_06A515_rtc/vessels.json,200.4,16.0,0.892,1.0,-14.779999732971191,0.33500000834465027
2024-08-02,15:34:15,Sentinel-1,SENTINEL-1A,ascending,S1A_IW_GRDH_1SDV_20240802T153403_20240802T153428_055036_06B481_rtc,35.52255,35.76638,9,7,2,data/raw_s1/S1A_IW_GRDH_1SDV_20240802T153403_20240802T153428_055036_06B481_rtc/vessels.json,200.4,7.0,0.725,1.0,-16.350000381469727,0.28299999237060547
2024-08-07,15:42:02,Sentinel-1,SENTINEL-1A,ascending,S1A_IW_GRDH_1SDV_20240807T154149_20240807T154214_055109_06B70F_rtc,35.51683,35.76274,14,7,7,data/raw_s1/S1A_IW_GRDH_1SDV_20240807T154149_20240807T154214_055109_06B70F_rtc/vessels.json,200.4,7.0,0.892,1.0,-20.530000686645508,0.27000001072883606
2024-08-14,15:34:15,Sentinel-1,SENTINEL-1A,ascending,S1A_IW_GRDH_1SDV_20240814T153402_20240814T153427_055211_06BAC6_rtc,35.52101,35.76783,7,7,0,data/raw_s1/S1A_IW_GRDH_1SDV_20240814T153402_20240814T153427_055211_06BAC6_rtc/vessels.json,200.4,7.0,0.726,1.0,-16.84000015258789,0.2800000011920929
2024-08-19,15:42:02,Sentinel-1,SENTINEL-1A,ascending,S1A_IW_GRDH_1SDV_20240819T154150_20240819T154215_055284_06BD6E_rtc,35.51902,35.76307,12,6,6,data/raw_s1/S1A_IW_GRDH_1SDV_20240819T154150_20240819T154215_055284_06BD6E_rtc/vessels.json,200.4,6.0,0.892,1.0,-20.520000457763672,0.27000001072883606
2024-08-26,15:34:15,Sentinel-1,SENTINEL-1A,ascending,S1A_IW_GRDH_1SDV_20240826T153403_20240826T153428_055386_06C147_rtc,35.52083,35.76762,5,5,0,data/raw_s1/S1A_IW_GRDH_1SDV_20240826T153403_20240826T153428_055386_06C147_rtc/vessels.json,200.4,5.0,0.724,1.0,-16.719999313354492,0.2809999883174896
2024-09-07,15:34:16,Sentinel-1,SENTINEL-1A,ascending,S1A_IW_GRDH_1SDV_20240907T153403_20240907T153428_055561_06C7E8_rtc,35.52099,35.76564,10,8,2,data/raw_s1/S1A_IW_GRDH_1SDV_20240907T153403_20240907T153428_055561_06C7E8_rtc/vessels.json,200.4,8.0,0.725,1.0,-15.760000228881836,0.27900001406669617
2024-09-12,15:42:03,Sentinel-1,SENTINEL-1A,ascending,S1A_IW_GRDH_1SDV_20240912T154150_20240912T154215_055634_06CACB_rtc,35.51763,35.75948,14,7,7,data/raw_s1/S1A_IW_GRDH_1SDV_20240912T154150_20240912T154215_055634_06CACB_rtc/vessels.json,200.4,7.0,0.892,1.0,-20.3700008392334,0.26600000262260437
2024-09-24,15:42:03,Sentinel-1,SENTINEL-1A,ascending,S1A_IW_GRDH_1SDV_20240924T154150_20240924T154215_055809_06D1B6_rtc,35.51669,35.76488,17,11,6,data/raw_s1/S1A_IW_GRDH_1SDV_20240924T154150_20240924T154215_055809_06D1B6_rtc/vessels.json,200.4,11.0,0.892,1.0,-20.489999771118164,0.27300000190734863
2024-09-13,03:43:29,Sentinel-1,SENTINEL-1A,descending,S1A_IW_GRDH_1SDV_20240913T034317_20240913T034342_055641_06CB16_rtc,35.52092,35.76391,14,11,3,data/raw_s1/S1A_IW_GRDH_1SDV_20240913T034317_20240913T034342_055641_06CB16_rtc/vessels.json,200.4,11.0,0.892,1.0,-18.40999984741211,0.4050000011920929
2024-09-08,03:35:34,Sentinel-1,SENTINEL-1A,descending,S1A_IW_GRDH_1SDV_20240908T033522_20240908T033547_055568_06C83A_rtc,35.52133,35.76241,20,15,5,data/raw_s1/S1A_IW_GRDH_1SDV_20240908T033522_20240908T033547_055568_06C83A_rtc/vessels.json,200.4,15.0,0.899,1.0,-20.059999465942383,0.29499998688697815
2024-09-25,03:43:30,Sentinel-1,SENTINEL-1A,descending,S1A_IW_GRDH_1SDV_20240925T034317_20240925T034342_055816_06D200_rtc,35.51731,35.76428,21,15,6,data/raw_s1/S1A_IW_GRDH_1SDV_20240925T034317_20240925T034342_055816_06D200_rtc/vessels.json,200.4,15.0,0.892,1.0,-16.010000228881836,0.34599998593330383
2024-10-06,15:42:04,Sentinel-1,SENTINEL-1A,ascending,S1A_IW_GRDH_1SDV_20241006T154151_20241006T154216_055984_06D89C_rtc,35.51914,35.76714,18,13,5,data/raw_s1/S1A_IW_GRDH_1SDV_20241006T154151_20241006T154216_055984_06D89C_rtc/vessels.json,200.4,13.0,0.892,1.0,-22.059999465942383,0.2919999957084656
2024-09-20,03:35:35,Sentinel-1,SENTINEL-1A,descending,S1A_IW_GRDH_1SDV_20240920T033522_20240920T033547_055743_06CF22_rtc,35.52056,35.76411,22,15,7,data/raw_s1/S1A_IW_GRDH_1SDV_20240920T033522_20240920T033547_055743_06CF22_rtc/vessels.json,200.4,15.0,0.899,1.0,-18.040000915527344,0.531000018119812
2024-10-18,15:42:04,Sentinel-1,SENTINEL-1A,ascending,S1A_IW_GRDH_1SDV_20241018T154151_20241018T154216_056159_06DF88_rtc,35.5172,35.76797,16,12,4,data/raw_s1/S1A_IW_GRDH_1SDV_20241018T154151_20241018T154216_056159_06DF88_rtc/vessels.json,200.4,12.0,0.892,1.0,-19.59000015258789,0.2840000092983246
2024-10-25,15:34:16,Sentinel-1,SENTINEL-1A,ascending,S1A_IW_GRDH_1SDV_20241025T153404_20241025T153429_056261_06E397_rtc,35.52326,35.76641,11,9,2,data/raw_s1/S1A_IW_GRDH_1SDV_20241025T153404_20241025T153429_056261_06E397_rtc/vessels.json,200.4,9.0,0.725,1.0,-16.610000610351562,0.27000001072883606
2024-10-30,15:42:04,Sentinel-1,SENTINEL-1A,ascending,S1A_IW_GRDH_1SDV_20241030T154151_20241030T154216_056334_06E677_rtc,35.51594,35.7654,15,11,4,data/raw_s1/S1A_IW_GRDH_1SDV_20241030T154151_20241030T154216_056334_06E677_rtc/vessels.json,200.4,11.0,0.892,1.0,-21.469999313354492,0.33899998664855957
2024-10-07,03:43:31,Sentinel-1,SENTINEL-1A,descending,S1A_IW_GRDH_1SDV_20241007T034318_20241007T034343_055991_06D8E6_rtc,35.51758,35.76614,25,18,7,data/raw_s1/S1A_IW_GRDH_1SDV_20241007T034318_20241007T034343_055991_06D8E6_rtc/vessels.json,200.4,18.0,0.892,1.0,-16.959999084472656,0.3869999945163727
2024-10-02,03:35:35,Sentinel-1,SENTINEL-1A,descending,S1A_IW_GRDH_1SDV_20241002T033522_20241002T033547_055918_06D610_rtc,35.52122,35.76688,17,14,3,data/raw_s1/S1A_IW_GRDH_1SDV_20241002T033522_20241002T033547_055918_06D610_rtc/vessels.json,200.4,14.0,0.899,1.0,-17.1200008392334,0.31200000643730164
2024-11-06,15:34:16,Sentinel-1,SENTINEL-1A,ascending,S1A_IW_GRDH_1SDV_20241106T153404_20241106T153429_056436_06EA83_rtc,35.51681,35.76618,15,9,6,data/raw_s1/S1A_IW_GRDH_1SDV_20241106T153404_20241106T153429_056436_06EA83_rtc/vessels.json,200.4,9.0,0.724,1.0,-14.010000228881836,0.2980000078678131
2024-11-11,15:42:03,Sentinel-1,SENTINEL-1A,ascending,S1A_IW_GRDH_1SDV_20241111T154151_20241111T154216_056509_06ED6F_rtc,35.51762,35.76664,21,17,4,data/raw_s1/S1A_IW_GRDH_1SDV_20241111T154151_20241111T154216_056509_06ED6F_rtc/vessels.json,200.4,17.0,0.892,1.0,-20.729999542236328,0.2709999978542328
2024-11-18,15:34:16,Sentinel-1,SENTINEL-1A,ascending,S1A_IW_GRDH_1SDV_20241118T153403_20241118T153428_056611_06F182_rtc,35.51918,35.7663,17,15,2,data/raw_s1/S1A_IW_GRDH_1SDV_20241118T153403_20241118T153428_056611_06F182_rtc/vessels.json,200.4,15.0,0.724,1.0,-15.59000015258789,0.2939999997615814
2024-11-23,15:42:02,Sentinel-1,SENTINEL-1A,ascending,S1A_IW_GRDH_1SDV_20241123T154150_20241123T154215_056684_06F46E_rtc,35.51813,35.76744,14,12,2,data/raw_s1/S1A_IW_GRDH_1SDV_20241123T154150_20241123T154215_056684_06F46E_rtc/vessels.json,200.4,12.0,0.892,1.0,-22.079999923706055,0.36000001430511475
2024-11-07,03:35:35,Sentinel-1,SENTINEL-1A,descending,S1A_IW_GRDH_1SDV_20241107T033522_20241107T033547_056443_06EAD3_rtc,35.52115,35.765,16,13,3,data/raw_s1/S1A_IW_GRDH_1SDV_20241107T033522_20241107T033547_056443_06EAD3_rtc/vessels.json,200.4,13.0,0.899,1.0,-19.06999969482422,0.3310000002384186
2024-11-19,03:35:34,Sentinel-1,SENTINEL-1A,descending,S1A_IW_GRDH_1SDV_20241119T033522_20241119T033547_056618_06F1D4_rtc,35.51894,35.76863,18,18,0,data/raw_s1/S1A_IW_GRDH_1SDV_20241119T033522_20241119T033547_056618_06F1D4_rtc/vessels.json,200.4,18.0,0.899,1.0,-19.110000610351562,0.3619999885559082
2024-12-05,15:42:01,Sentinel-1,SENTINEL-1A,ascending,S1A_IW_GRDH_1SDV_20241205T154149_20241205T154214_056859_06FB5B_rtc,35.52066,35.76055,14,9,5,data/raw_s1/S1A_IW_GRDH_1SDV_20241205T154149_20241205T154214_056859_06FB5B_rtc/vessels.json,200.4,9.0,0.892,1.0,-15.649999618530273,0.3100000023841858
2024-12-12,15:34:14,Sentinel-1,SENTINEL-1A,ascending,S1A_IW_GRDH_1SDV_20241212T153402_20241212T153427_056961_06FF54_rtc,35.52314,35.76488,16,11,5,data/raw_s1/S1A_IW_GRDH_1SDV_20241212T153402_20241212T153427_056961_06FF54_rtc/vessels.json,200.4,11.0,0.725,1.0,-13.84000015258789,0.3630000054836273
2024-12-29,15:42:00,Sentinel-1,SENTINEL-1A,ascending,S1A_IW_GRDH_1SDV_20241229T154148_20241229T154213_057209_070936_rtc,35.51908,35.76801,26,13,13,data/raw_s1/S1A_IW_GRDH_1SDV_20241229T154148_20241229T154213_057209_070936_rtc/vessels.json,200.4,13.0,0.892,1.0,-14.529999732971191,0.7099999785423279
2024-12-25,03:35:31,Sentinel-1,SENTINEL-1A,descending,S1A_IW_GRDH_1SDV_20241225T033519_20241225T033544_057143_0706AE_rtc,35.51978,35.76791,17,16,1,data/raw_s1/S1A_IW_GRDH_1SDV_20241225T033519_20241225T033544_057143_0706AE_rtc/vessels.json,200.4,16.0,0.899,1.0,-17.610000610351562,0.3400000035762787
2024-12-18,03:43:27,Sentinel-1,SENTINEL-1A,descending,S1A_IW_GRDH_1SDV_20241218T034314_20241218T034339_057041_070294_rtc,35.51821,35.76509,22,17,5,data/raw_s1/S1A_IW_GRDH_1SDV_20241218T034314_20241218T034339_057041_070294_rtc/vessels.json,200.4,17.0,0.892,1.0,-15.630000114440918,0.335999995470047
2024-12-06,03:43:28,Sentinel-1,SENTINEL-1A,descending,S1A_IW_GRDH_1SDV_20241206T034315_20241206T034340_056866_06FBA2_rtc,35.51938,35.76514,27,19,8,data/raw_s1/S1A_IW_GRDH_1SDV_20241206T034315_20241206T034340_056866_06FBA2_rtc/vessels.json,200.4,19.0,0.892,1.0,-13.779999732971191,0.2980000078678131
2025-01-05,15:34:12,Sentinel-1,SENTINEL-1A,ascending,S1A_IW_GRDH_1SDV_20250105T153359_20250105T153424_057311_070D3B_rtc,35.52443,35.76776,41,29,12,data/raw_s1/S1A_IW_GRDH_1SDV_20250105T153359_20250105T153424_057311_070D3B_rtc/vessels.json,200.4,29.0,0.726,1.0,-8.15999984741211,0.3100000023841858
2025-01-10,15:41:58,Sentinel-1,SENTINEL-1A,ascending,S1A_IW_GRDH_1SDV_20250110T154146_20250110T154211_057384_071022_rtc,35.51651,35.76608,13,7,6,data/raw_s1/S1A_IW_GRDH_1SDV_20250110T154146_20250110T154211_057384_071022_rtc/vessels.json,200.4,7.0,0.892,1.0,-19.100000381469727,0.5600000023841858
2025-01-17,15:34:11,Sentinel-1,SENTINEL-1A,ascending,S1A_IW_GRDH_1SDV_20250117T153358_20250117T153423_057486_07142A_rtc,35.51495,35.76601,15,9,6,data/raw_s1/S1A_IW_GRDH_1SDV_20250117T153358_20250117T153423_057486_07142A_rtc/vessels.json,200.4,9.0,0.727,1.0,-15.680000305175781,0.2809999883174896
2025-01-22,15:41:57,Sentinel-1,SENTINEL-1A,ascending,S1A_IW_GRDH_1SDV_20250122T154145_20250122T154210_057559_071713_rtc,35.52003,35.76642,14,7,7,data/raw_s1/S1A_IW_GRDH_1SDV_20250122T154145_20250122T154210_057559_071713_rtc/vessels.json,200.4,7.0,0.892,1.0,-15.270000457763672,0.3190000057220459
2025-01-29,15:34:10,Sentinel-1,SENTINEL-1A,ascending,S1A_IW_GRDH_1SDV_20250129T153358_20250129T153423_057661_071B1F_rtc,35.52214,35.76303,16,8,8,data/raw_s1/S1A_IW_GRDH_1SDV_20250129T153358_20250129T153423_057661_071B1F_rtc/vessels.json,200.4,8.0,0.726,1.0,-17.149999618530273,0.27399998903274536
2025-02-03,15:41:57,Sentinel-1,SENTINEL-1A,ascending,S1A_IW_GRDH_1SDV_20250203T154144_20250203T154209_057734_rtc,35.51943,35.75951,21,10,11,data/raw_s1/S1A_IW_GRDH_1SDV_20250203T154144_20250203T154209_057734_rtc/vessels.json,200.4,10.0,0.892,1.0,-21.829999923706055,0.3269999921321869
2025-02-10,15:34:10,Sentinel-1,SENTINEL-1A,ascending,S1A_IW_GRDH_1SDV_20250210T153357_20250210T153422_057836_rtc,35.52119,35.76491,14,9,5,data/raw_s1/S1A_IW_GRDH_1SDV_20250210T153357_20250210T153422_057836_rtc/vessels.json,200.4,9.0,0.726,1.0,-16.100000381469727,0.335999995470047
2025-02-15,15:41:56,Sentinel-1,SENTINEL-1A,ascending,S1A_IW_GRDH_1SDV_20250215T154144_20250215T154209_057909_072506_rtc,35.51851,35.76411,19,11,8,data/raw_s1/S1A_IW_GRDH_1SDV_20250215T154144_20250215T154209_057909_072506_rtc/vessels.json,200.4,11.0,0.892,1.0,-17.200000762939453,0.3230000138282776
2025-02-22,15:34:09,Sentinel-1,SENTINEL-1A,ascending,S1A_IW_GRDH_1SDV_20250222T153357_20250222T153422_058011_07292F_rtc,35.52287,35.7666,12,9,3,data/raw_s1/S1A_IW_GRDH_1SDV_20250222T153357_20250222T153422_058011_07292F_rtc/vessels.json,200.4,9.0,0.727,1.0,-14.90999984741211,0.3179999887943268
2025-02-27,15:41:56,Sentinel-1,SENTINEL-1A,ascending,S1A_IW_GRDH_1SDV_20250227T154143_20250227T154208_058084_072C28_rtc,35.51442,35.76722,12,9,3,data/raw_s1/S1A_IW_GRDH_1SDV_20250227T154143_20250227T154208_058084_072C28_rtc/vessels.json,200.4,9.0,0.892,1.0,-22.600000381469727,0.3720000088214874
2025-02-04,03:43:23,Sentinel-1,SENTINEL-1A,descending,S1A_IW_GRDH_1SDV_20250204T034311_20250204T034336_057741_rtc,35.52061,35.76518,25,18,7,data/raw_s1/S1A_IW_GRDH_1SDV_20250204T034311_20250204T034336_057741_rtc/vessels.json,200.4,18.0,0.892,1.0,-15.0600004196167,0.34200000762939453
2025-03-06,15:34:09,Sentinel-1,SENTINEL-1A,ascending,S1A_IW_GRDH_1SDV_20250306T153357_20250306T153422_058186_07305B_rtc,35.5202,35.76466,14,10,4,data/raw_s1/S1A_IW_GRDH_1SDV_20250306T153357_20250306T153422_058186_07305B_rtc/vessels.json,200.4,10.0,0.725,1.0,-18.290000915527344,0.3889999985694885
2025-03-11,15:41:56,Sentinel-1,SENTINEL-1A,ascending,S1A_IW_GRDH_1SDV_20250311T154144_20250311T154209_058259_073341_rtc,35.51737,35.76327,13,9,4,data/raw_s1/S1A_IW_GRDH_1SDV_20250311T154144_20250311T154209_058259_073341_rtc/vessels.json,200.4,9.0,0.892,1.0,-21.15999984741211,0.27399998903274536
2025-03-29,15:41:00,Sentinel-1,SENTINEL-1C,ascending,S1C_IW_GRDH_1SDV_20250329T154048_20250329T154113_001658_rtc,35.51758,35.76868,6,6,0,data/raw_s1/S1C_IW_GRDH_1SDV_20250329T154048_20250329T154113_001658_rtc/vessels.json,200.4,6.0,0.892,1.0,-21.600000381469727,0.29600000381469727
2025-03-18,15:34:09,Sentinel-1,SENTINEL-1A,ascending,S1A_IW_GRDH_1SDV_20250318T153357_20250318T153422_058361_073742_rtc,35.51992,35.76552,12,9,3,data/raw_s1/S1A_IW_GRDH_1SDV_20250318T153357_20250318T153422_058361_073742_rtc/vessels.json,200.4,9.0,0.725,1.0,-17.040000915527344,0.29100000858306885
2025-03-30,15:34:10,Sentinel-1,SENTINEL-1A,ascending,S1A_IW_GRDH_1SDV_20250330T153357_20250330T153422_058536_073E42_rtc,35.51939,35.76275,22,11,11,data/raw_s1/S1A_IW_GRDH_1SDV_20250330T153357_20250330T153422_058536_073E42_rtc/vessels.json,200.4,11.0,0.726,1.0,-13.789999961853027,0.27799999713897705
2025-04-04,15:41:57,Sentinel-1,SENTINEL-1A,ascending,S1A_IW_GRDH_1SDV_20250404T154144_20250404T154209_058609_07413F_rtc,35.5165,35.77098,7,5,2,data/raw_s1/S1A_IW_GRDH_1SDV_20250404T154144_20250404T154209_058609_07413F_rtc/vessels.json,200.4,5.0,0.892,1.0,-20.68000030517578,0.2709999978542328
2025-04-05,15:32:38,Sentinel-1,SENTINEL-1C,ascending,S1C_IW_GRDH_1SDV_20250405T153225_20250405T153250_001760_rtc,35.5241,35.76548,27,19,8,data/raw_s1/S1C_IW_GRDH_1SDV_20250405T153225_20250405T153250_001760_rtc/vessels.json,200.4,19.0,0.899,1.0,-13.859999656677246,0.296999990940094
2025-04-10,15:41:01,Sentinel-1,SENTINEL-1C,ascending,S1C_IW_GRDH_1SDV_20250410T154048_20250410T154113_001833_rtc,35.5181,35.76494,13,11,2,data/raw_s1/S1C_IW_GRDH_1SDV_20250410T154048_20250410T154113_001833_rtc/vessels.json,200.4,11.0,0.892,1.0,-16.030000686645508,0.3149999976158142
2025-04-11,15:34:10,Sentinel-1,SENTINEL-1A,ascending,S1A_IW_GRDH_1SDV_20250411T153357_20250411T153422_058711_07456E_rtc,35.53033,35.76734,73,45,28,data/raw_s1/S1A_IW_GRDH_1SDV_20250411T153357_20250411T153422_058711_07456E_rtc/vessels.json,200.4,45.0,0.729,1.0,-10.869999885559082,0.4830000102519989
2025-04-16,15:41:57,Sentinel-1,SENTINEL-1A,ascending,S1A_IW_GRDH_1SDV_20250416T154144_20250416T154209_058784_074865_rtc,35.51496,35.76645,15,11,4,data/raw_s1/S1A_IW_GRDH_1SDV_20250416T154144_20250416T154209_058784_074865_rtc/vessels.json,200.4,11.0,0.892,1.0,-21.3799991607666,0.2770000100135803
2025-04-17,15:32:38,Sentinel-1,SENTINEL-1C,ascending,S1C_IW_GRDH_1SDV_20250417T153225_20250417T153250_001935_rtc,35.51823,35.76567,21,13,8,data/raw_s1/S1C_IW_GRDH_1SDV_20250417T153225_20250417T153250_001935_rtc/vessels.json,200.4,13.0,0.899,1.0,-18.31999969482422,0.30300000309944153
2025-05-04,15:41:02,Sentinel-1,SENTINEL-1C,ascending,S1C_IW_GRDH_1SDV_20250504T154050_20250504T154115_002183_rtc,35.52638,35.75153,3,1,2,data/raw_s1/S1C_IW_GRDH_1SDV_20250504T154050_20250504T154115_002183_rtc/vessels.json,200.4,1.0,0.892,1.0,-21.979999542236328,0.28299999237060547
2025-05-05,15:34:10,Sentinel-1,SENTINEL-1A,ascending,S1A_IW_GRDH_1SDV_20250505T153357_20250505T153422_059061_rtc,35.52128,35.76438,16,11,5,data/raw_s1/S1A_IW_GRDH_1SDV_20250505T153357_20250505T153422_059061_rtc/vessels.json,200.4,11.0,0.727,1.0,-14.729999542236328,0.29499998688697815
2025-05-10,15:41:57,Sentinel-1,SENTINEL-1A,ascending,S1A_IW_GRDH_1SDV_20250510T154144_20250510T154209_059134_rtc,35.51659,35.76449,17,10,7,data/raw_s1/S1A_IW_GRDH_1SDV_20250510T154144_20250510T154209_059134_rtc/vessels.json,200.4,10.0,0.892,1.0,-21.65999984741211,0.30000001192092896
2025-05-17,15:34:10,Sentinel-1,SENTINEL-1A,ascending,S1A_IW_GRDH_1SDV_20250517T153357_20250517T153422_059236_0759C3_rtc,35.52061,35.7669,12,10,2,data/raw_s1/S1A_IW_GRDH_1SDV_20250517T153357_20250517T153422_059236_0759C3_rtc/vessels.json,200.4,10.0,0.728,1.0,-22.09000015258789,0.26600000262260437
2025-05-11,15:32:39,Sentinel-1,SENTINEL-1C,ascending,S1C_IW_GRDH_1SDV_20250511T153227_20250511T153252_002285_rtc,35.5161,35.76612,22,15,7,data/raw_s1/S1C_IW_GRDH_1SDV_20250511T153227_20250511T153252_002285_rtc/vessels.json,200.4,15.0,0.899,1.0,-18.56999969482422,0.3190000057220459
2025-05-22,15:41:56,Sentinel-1,SENTINEL-1A,ascending,S1A_IW_GRDH_1SDV_20250522T154144_20250522T154209_059309_rtc,35.5137,35.76726,15,9,6,data/raw_s1/S1A_IW_GRDH_1SDV_20250522T154144_20250522T154209_059309_rtc/vessels.json,200.4,9.0,0.892,1.0,-20.639999389648438,0.2800000011920929
2025-06-03,15:41:56,Sentinel-1,SENTINEL-1A,ascending,S1A_IW_GRDH_1SDV_20250603T154143_20250603T154208_059484_rtc,35.51884,35.76361,16,10,6,data/raw_s1/S1A_IW_GRDH_1SDV_20250603T154143_20250603T154208_059484_rtc/vessels.json,200.4,10.0,0.892,1.0,-19.889999389648438,0.2669999897480011
2025-06-04,15:32:42,Sentinel-1,SENTINEL-1C,ascending,S1C_IW_GRDH_1SDV_20250604T153229_20250604T153254_002635_rtc,35.52466,35.75778,9,5,4,data/raw_s1/S1C_IW_GRDH_1SDV_20250604T153229_20250604T153254_002635_rtc/vessels.json,200.4,5.0,0.899,1.0,-18.299999237060547,0.30000001192092896
2025-06-09,15:41:05,Sentinel-1,SENTINEL-1C,ascending,S1C_IW_GRDH_1SDV_20250609T154053_20250609T154118_002708_rtc,35.52557,35.76312,8,6,2,data/raw_s1/S1C_IW_GRDH_1SDV_20250609T154053_20250609T154118_002708_rtc/vessels.json,200.4,6.0,0.892,1.0,-23.100000381469727,0.30300000309944153
2025-06-10,15:34:09,Sentinel-1,SENTINEL-1A,ascending,S1A_IW_GRDH_1SDV_20250610T153356_20250610T153421_059586_rtc,35.51815,35.76411,22,15,7,data/raw_s1/S1A_IW_GRDH_1SDV_20250610T153356_20250610T153421_059586_rtc/vessels.json,200.4,15.0,0.73,1.0,-17.709999084472656,0.3149999976158142
2025-06-15,15:41:55,Sentinel-1,SENTINEL-1A,ascending,S1A_IW_GRDH_1SDV_20250615T154143_20250615T154208_059659_076855_rtc,35.5255,35.75514,18,8,10,data/raw_s1/S1A_IW_GRDH_1SDV_20250615T154143_20250615T154208_059659_076855_rtc/vessels.json,200.4,8.0,0.892,1.0,-20.06999969482422,0.27300000190734863
2025-06-21,15:41:06,Sentinel-1,SENTINEL-1C,ascending,S1C_IW_GRDH_1SDV_20250621T154053_20250621T154118_002883_rtc,35.52082,35.76517,7,6,1,data/raw_s1/S1C_IW_GRDH_1SDV_20250621T154053_20250621T154118_002883_rtc/vessels.json,200.4,6.0,0.892,1.0,-20.729999542236328,0.2709999978542328
2025-06-16,15:32:42,Sentinel-1,SENTINEL-1C,ascending,S1C_IW_GRDH_1SDV_20250616T153230_20250616T153255_002810_rtc,35.51463,35.76666,10,5,5,data/raw_s1/S1C_IW_GRDH_1SDV_20250616T153230_20250616T153255_002810_rtc/vessels.json,200.4,5.0,0.899,1.0,-16.489999771118164,0.2800000011920929
2025-07-03,15:41:06,Sentinel-1,SENTINEL-1C,ascending,S1C_IW_GRDH_1SDV_20250703T154054_20250703T154119_003058_rtc,35.51075,35.77265,5,3,2,data/raw_s1/S1C_IW_GRDH_1SDV_20250703T154054_20250703T154119_003058_rtc/vessels.json,200.4,3.0,0.892,1.0,-21.459999084472656,0.2709999978542328
2025-07-04,15:34:07,Sentinel-1,SENTINEL-1A,ascending,S1A_IW_GRDH_1SDV_20250704T153355_20250704T153420_059936_0771F5_rtc,35.51739,35.766,21,13,8,data/raw_s1/S1A_IW_GRDH_1SDV_20250704T153355_20250704T153420_059936_0771F5_rtc/vessels.json,200.4,13.0,0.729,1.0,-14.359999656677246,0.28299999237060547
2025-07-10,15:32:44,Sentinel-1,SENTINEL-1C,ascending,S1C_IW_GRDH_1SDV_20250710T153231_20250710T153256_003160_rtc,35.51801,35.76454,18,10,8,data/raw_s1/S1C_IW_GRDH_1SDV_20250710T153231_20250710T153256_003160_rtc/vessels.json,200.4,10.0,0.899,1.0,-16.6299991607666,0.28299999237060547
2025-07-09,15:41:54,Sentinel-1,SENTINEL-1A,ascending,S1A_IW_GRDH_1SDV_20250709T154141_20250709T154206_060009_rtc,35.51622,35.77006,7,6,1,data/raw_s1/S1A_IW_GRDH_1SDV_20250709T154141_20250709T154206_060009_rtc/vessels.json,200.4,6.0,0.892,1.0,-19.829999923706055,0.2709999978542328
2025-07-16,15:34:07,Sentinel-1,SENTINEL-1A,ascending,S1A_IW_GRDH_1SDV_20250716T153354_20250716T153419_060111_rtc,35.52324,35.76377,10,7,3,data/raw_s1/S1A_IW_GRDH_1SDV_20250716T153354_20250716T153419_060111_rtc/vessels.json,200.4,7.0,0.727,1.0,-15.880000114440918,0.2759999930858612
2025-07-15,15:41:07,Sentinel-1,SENTINEL-1C,ascending,S1C_IW_GRDH_1SDV_20250715T154055_20250715T154120_003233_rtc,35.51858,35.76725,14,12,2,data/raw_s1/S1C_IW_GRDH_1SDV_20250715T154055_20250715T154120_003233_rtc/vessels.json,200.4,12.0,0.892,1.0,-19.290000915527344,0.2879999876022339
2025-08-03,15:32:45,Sentinel-1,SENTINEL-1C,ascending,S1C_IW_GRDH_1SDV_20250803T153233_20250803T153258_003510_rtc,35.51647,35.76446,16,10,6,data/raw_s1/S1C_IW_GRDH_1SDV_20250803T153233_20250803T153258_003510_rtc/vessels.json,200.4,10.0,0.899,1.0,-16.68000030517578,0.29899999499320984
2025-08-08,15:41:09,Sentinel-1,SENTINEL-1C,ascending,S1C_IW_GRDH_1SDV_20250808T154056_20250808T154121_003583_rtc,35.5207,35.75825,13,7,6,data/raw_s1/S1C_IW_GRDH_1SDV_20250808T154056_20250808T154121_003583_rtc/vessels.json,200.4,7.0,0.892,1.0,-21.219999313354492,0.30300000309944153
2025-08-02,15:41:53,Sentinel-1,SENTINEL-1A,ascending,S1A_IW_GRDH_1SDV_20250802T154141_20250802T154206_060359_rtc,35.51815,35.76558,5,3,2,data/raw_s1/S1A_IW_GRDH_1SDV_20250802T154141_20250802T154206_060359_rtc/vessels.json,200.4,3.0,0.892,1.0,-20.040000915527344,0.2759999930858612
2025-08-09,15:34:06,Sentinel-1,SENTINEL-1A,ascending,S1A_IW_GRDH_1SDV_20250809T153354_20250809T153419_060461_rtc,35.51834,35.76146,25,16,9,data/raw_s1/S1A_IW_GRDH_1SDV_20250809T153354_20250809T153419_060461_rtc/vessels.json,200.4,16.0,0.727,1.0,-16.15999984741211,0.2750000059604645
2025-08-14,15:41:53,Sentinel-1,SENTINEL-1A,ascending,S1A_IW_GRDH_1SDV_20250814T154141_20250814T154206_060534_rtc,35.51678,35.7616,19,10,9,data/raw_s1/S1A_IW_GRDH_1SDV_20250814T154141_20250814T154206_060534_rtc/vessels.json,200.4,10.0,0.892,1.0,-21.270000457763672,0.27900001406669617
2025-08-15,15:32:46,Sentinel-1,SENTINEL-1C,ascending,S1C_IW_GRDH_1SDV_20250815T153233_20250815T153258_003685_0075D9_rtc,35.51753,35.76037,19,11,7,data/raw_s1/S1C_IW_GRDH_1SDV_20250815T153233_20250815T153258_003685_0075D9_rtc/vessels.json,200.4,11.0,0.899,1.0,-17.170000076293945,0.30300000309944153
2025-08-20,15:41:09,Sentinel-1,SENTINEL-1C,ascending,S1C_IW_GRDH_1SDV_20250820T154056_20250820T154121_003758_00780D_rtc,35.52166,35.76155,11,6,5,data/raw_s1/S1C_IW_GRDH_1SDV_20250820T154056_20250820T154121_003758_00780D_rtc/vessels.json,200.4,6.0,0.892,1.0,-19.889999389648438,0.27900001406669617
2025-09-01,15:41:09,Sentinel-1,SENTINEL-1C,ascending,S1C_IW_GRDH_1SDV_20250901T154057_20250901T154122_003933_007D53_rtc,35.51832,35.76158,17,10,7,data/raw_s1/S1C_IW_GRDH_1SDV_20250901T154057_20250901T154122_003933_007D53_rtc/vessels.json,200.4,10.0,0.892,1.0,-19.760000228881836,0.28600001335144043
2025-09-02,15:34:06,Sentinel-1,SENTINEL-1A,ascending,S1A_IW_GRDH_1SDV_20250902T153354_20250902T153419_060811_079210_rtc,35.52659,35.75934,19,10,9,data/raw_s1/S1A_IW_GRDH_1SDV_20250902T153354_20250902T153419_060811_079210_rtc/vessels.json,200.4,10.0,0.724,1.0,-15.279999732971191,0.2849999964237213
2025-09-13,15:41:10,Sentinel-1,SENTINEL-1C,ascending,S1C_IW_GRDH_1SDV_20250913T154057_20250913T154122_004108_0082A2_rtc,35.51801,35.77034,10,8,2,data/raw_s1/S1C_IW_GRDH_1SDV_20250913T154057_20250913T154122_004108_0082A2_rtc/vessels.json,200.4,8.0,0.892,1.0,-21.389999389648438,0.2770000100135803
2025-09-07,15:41:53,Sentinel-1,SENTINEL-1A,ascending,S1A_IW_GRDH_1SDV_20250907T154141_20250907T154206_060884_0794FB_rtc,35.51749,35.76371,23,13,10,data/raw_s1/S1A_IW_GRDH_1SDV_20250907T154141_20250907T154206_060884_0794FB_rtc/vessels.json,200.4,13.0,0.892,1.0,-19.510000228881836,0.2720000147819519
2025-09-14,15:34:07,Sentinel-1,SENTINEL-1A,ascending,S1A_IW_GRDH_1SDV_20250914T153354_20250914T153419_060986_079913_rtc,35.52103,35.76505,13,9,4,data/raw_s1/S1A_IW_GRDH_1SDV_20250914T153354_20250914T153419_060986_079913_rtc/vessels.json,200.4,9.0,0.722,1.0,-17.25,0.289000004529953
2025-09-19,15:41:54,Sentinel-1,SENTINEL-1A,ascending,S1A_IW_GRDH_1SDV_20250919T154141_20250919T154206_061059_079BFF_rtc,35.51776,35.76329,19,12,7,data/raw_s1/S1A_IW_GRDH_1SDV_20250919T154141_20250919T154206_061059_079BFF_rtc/vessels.json,200.4,12.0,0.892,1.0,-17.520000457763672,0.289000004529953
2025-10-01,15:41:54,Sentinel-1,SENTINEL-1A,ascending,S1A_IW_GRDH_1SDV_20251001T154141_20251001T154206_061234_07A313_rtc,35.5182,35.76335,20,9,11,data/raw_s1/S1A_IW_GRDH_1SDV_20251001T154141_20251001T154206_061234_07A313_rtc/vessels.json,200.4,9.0,0.892,1.0,-18.959999084472656,0.2759999930858612
2025-10-07,15:41:11,Sentinel-1,SENTINEL-1C,ascending,S1C_IW_GRDH_1SDV_20251007T154058_20251007T154123_004458_008D47_rtc,35.51459,35.75752,6,0,6,data/raw_s1/S1C_IW_GRDH_1SDV_20251007T154058_20251007T154123_004458_008D47_rtc/vessels.json,200.4,0.0,0.892,1.0,-21.600000381469727,0.29600000381469727
2025-10-02,15:32:47,Sentinel-1,SENTINEL-1C,ascending,S1C_IW_GRDH_1SDV_20251002T153234_20251002T153259_004385_008B05_rtc,35.51897,35.76276,33,20,13,data/raw_s1/S1C_IW_GRDH_1SDV_20251002T153234_20251002T153259_004385_008B05_rtc/vessels.json,200.4,20.0,0.899,1.0,-16.6299991607666,0.2930000126361847
2025-10-08,15:34:08,Sentinel-1,SENTINEL-1A,ascending,S1A_IW_GRDH_1SDV_20251008T153355_20251008T153420_061336_07A728_rtc,35.51743,35.76426,29,18,11,data/raw_s1/S1A_IW_GRDH_1SDV_20251008T153355_20251008T153420_061336_07A728_rtc/vessels.json,200.4,18.0,0.722,1.0,-14.3100004196167,0.2980000078678131
2025-10-13,15:41:54,Sentinel-1,SENTINEL-1A,ascending,S1A_IW_GRDH_1SDV_20251013T154142_20251013T154207_061409_07AA1B_rtc,35.51678,35.75971,19,12,7,data/raw_s1/S1A_IW_GRDH_1SDV_20251013T154142_20251013T154207_061409_07AA1B_rtc/vessels.json,200.4,12.0,0.892,1.0,-20.040000915527344,0.27900001406669617
2025-10-14,15:32:47,Sentinel-1,SENTINEL-1C,ascending,S1C_IW_GRDH_1SDV_20251014T153235_20251014T153300_004560_009054_rtc,35.51833,35.75959,25,16,9,data/raw_s1/S1C_IW_GRDH_1SDV_20251014T153235_20251014T153300_004560_009054_rtc/vessels.json,200.4,16.0,0.899,1.0,-18.280000686645508,0.3840000033378601
2025-10-19,15:41:10,Sentinel-1,SENTINEL-1C,ascending,S1C_IW_GRDH_1SDV_20251019T154058_20251019T154123_004633_009292_rtc,35.52193,35.75912,34,16,18,data/raw_s1/S1C_IW_GRDH_1SDV_20251019T154058_20251019T154123_004633_009292_rtc/vessels.json,200.4,16.0,0.892,1.0,-19.209999084472656,0.2840000092983246
2025-11-01,15:34:07,Sentinel-1,SENTINEL-1A,ascending,S1A_IW_GRDH_1SDV_20251101T153354_20251101T153419_061686_07B533_rtc,35.51736,35.7659,29,19,10,data/raw_s1/S1A_IW_GRDH_1SDV_20251101T153354_20251101T153419_061686_07B533_rtc/vessels.json,200.4,19.0,0.724,1.0,-17.09000015258789,0.2919999957084656
2025-11-06,15:41:53,Sentinel-1,SENTINEL-1A,ascending,S1A_IW_GRDH_1SDV_20251106T154141_20251106T154206_061759_07B806_rtc,35.52066,35.75692,23,10,13,data/raw_s1/S1A_IW_GRDH_1SDV_20251106T154141_20251106T154206_061759_07B806_rtc/vessels.json,200.4,10.0,0.892,1.0,-20.799999237060547,0.27799999713897705
2025-11-12,15:41:09,Sentinel-1,SENTINEL-1C,ascending,S1C_IW_GRDH_1SDV_20251112T154057_20251112T154122_004983_009DBF_rtc,35.51693,35.76078,27,14,13,data/raw_s1/S1C_IW_GRDH_1SDV_20251112T154057_20251112T154122_004983_009DBF_rtc/vessels.json,200.4,14.0,0.892,1.0,-21.989999771118164,0.2930000126361847
2025-11-07,15:32:47,Sentinel-1,SENTINEL-1C,ascending,S1C_IW_GRDH_1SDV_20251107T153234_20251107T153259_004910_009B57_rtc,35.5201,35.75842,20,11,9,data/raw_s1/S1C_IW_GRDH_1SDV_20251107T153234_20251107T153259_004910_009B57_rtc/vessels.json,200.4,11.0,0.899,1.0,-23.360000610351562,0.414000004529953
2025-11-13,15:34:06,Sentinel-1,SENTINEL-1A,ascending,S1A_IW_GRDH_1SDV_20251113T153354_20251113T153419_061861_07BBF5_rtc,35.51892,35.75893,33,13,20,data/raw_s1/S1A_IW_GRDH_1SDV_20251113T153354_20251113T153419_061861_07BBF5_rtc/vessels.json,200.4,13.0,0.725,1.0,-13.479999542236328,0.3230000138282776
2025-11-18,15:41:53,Sentinel-1,SENTINEL-1A,ascending,S1A_IW_GRDH_1SDV_20251118T154141_20251118T154206_061934_07BED5_rtc,35.52118,35.76167,24,14,10,data/raw_s1/S1A_IW_GRDH_1SDV_20251118T154141_20251118T154206_061934_07BED5_rtc/vessels.json,200.4,14.0,0.892,1.0,-16.59000015258789,0.3019999861717224
2025-12-06,15:41:09,Sentinel-1,SENTINEL-1C,ascending,S1C_IW_GRDH_1SDV_20251206T154056_20251206T154121_005333_00A998_rtc,35.51824,35.76222,33,20,13,data/raw_s1/S1C_IW_GRDH_1SDV_20251206T154056_20251206T154121_005333_00A998_rtc/vessels.json,200.4,20.0,0.892,1.0,-17.100000381469727,0.30799999833106995
2025-12-01,15:32:46,Sentinel-1,SENTINEL-1C,ascending,S1C_IW_GRDH_1SDV_20251201T153233_20251201T153258_005260_00A712_rtc,35.51779,35.76195,34,20,13,data/raw_s1/S1C_IW_GRDH_1SDV_20251201T153233_20251201T153258_005260_00A712_rtc/vessels.json,200.4,20.0,0.899,1.0,-15.279999732971191,0.30300000309944153
2025-12-07,15:34:04,Sentinel-1,SENTINEL-1A,ascending,S1A_IW_GRDH_1SDV_20251207T153352_20251207T153417_062211_07C9A3_rtc,35.52551,35.76606,83,48,35,data/raw_s1/S1A_IW_GRDH_1SDV_20251207T153352_20251207T153417_062211_07C9A3_rtc/vessels.json,200.4,48.0,0.725,1.0,-11.670000076293945,0.37700000405311584
2025-12-13,15:32:45,Sentinel-1,SENTINEL-1C,ascending,S1C_IW_GRDH_1SDV_20251213T153233_20251213T153258_005435_00AD14_rtc,35.51795,35.76043,34,17,17,data/raw_s1/S1C_IW_GRDH_1SDV_20251213T153233_20251213T153258_005435_00AD14_rtc/vessels.json,200.4,17.0,0.899,1.0,-17.84000015258789,0.3619999885559082
2025-12-12,15:41:51,Sentinel-1,SENTINEL-1A,ascending,S1A_IW_GRDH_1SDV_20251212T154138_20251212T154203_062284_07CC7A_rtc,35.52448,35.75787,16,8,8,data/raw_s1/S1A_IW_GRDH_1SDV_20251212T154138_20251212T154203_062284_07CC7A_rtc/vessels.json,200.4,8.0,0.892,1.0,-20.079999923706055,0.3050000071525574
2025-12-18,15:41:08,Sentinel-1,SENTINEL-1C,ascending,S1C_IW_GRDH_1SDV_20251218T154056_20251218T154121_005508_00AF8E_rtc,35.5164,35.75725,11,2,8,data/raw_s1/S1C_IW_GRDH_1SDV_20251218T154056_20251218T154121_005508_00AF8E_rtc/vessels.json,200.4,2.0,0.892,1.0,-22.729999542236328,0.39399999380111694
2026-01-05,15:41:48,Sentinel-1,SENTINEL-1A,ascending,S1A_IW_GRDH_1SDV_20260105T154136_20260105T154201_062634_07DA08_rtc,35.51772,35.76431,15,8,7,data/raw_s1/S1A_IW_GRDH_1SDV_20260105T154136_20260105T154201_062634_07DA08_rtc/vessels.json,200.4,8.0,0.892,1.0,-15.0,0.3400000035762787
2026-01-06,15:32:44,Sentinel-1,SENTINEL-1C,ascending,S1C_IW_GRDH_1SDV_20260106T153231_20260106T153256_005785_00B920_rtc,35.52549,35.76754,41,25,16,data/raw_s1/S1C_IW_GRDH_1SDV_20260106T153231_20260106T153256_005785_00B920_rtc/vessels.json,200.4,25.0,0.899,1.0,-12.050000190734863,0.3889999985694885
2026-01-11,15:41:07,Sentinel-1,SENTINEL-1C,ascending,S1C_IW_GRDH_1SDV_20260111T154054_20260111T154119_005858_00BBBE_rtc,35.51715,35.76589,25,12,13,data/raw_s1/S1C_IW_GRDH_1SDV_20260111T154054_20260111T154119_005858_00BBBE_rtc/vessels.json,200.4,12.0,0.892,1.0,-16.709999084472656,0.38100001215934753
2026-01-17,15:41:47,Sentinel-1,SENTINEL-1A,ascending,S1A_IW_GRDH_1SDV_20260117T154135_20260117T154200_062809_07E0C2_rtc,35.51779,35.7626,28,12,16,data/raw_s1/S1A_IW_GRDH_1SDV_20260117T154135_20260117T154200_062809_07E0C2_rtc/vessels.json,200.4,12.0,0.892,1.0,-14.140000343322754,0.32899999618530273
2026-01-12,15:34:01,Sentinel-1,SENTINEL-1A,ascending,S1A_IW_GRDH_1SDV_20260112T153348_20260112T153413_062736_07DDED_rtc,35.5134,35.76868,31,17,14,data/raw_s1/S1A_IW_GRDH_1SDV_20260112T153348_20260112T153413_062736_07DDED_rtc/vessels.json,200.4,17.0,0.726,1.0,-14.430000305175781,0.33000001311302185
2026-01-18,15:32:44,Sentinel-1,SENTINEL-1C,ascending,S1C_IW_GRDH_1SDV_20260118T153231_20260118T153256_005960_00BF44_rtc,35.52629,35.7609,42,15,27,data/raw_s1/S1C_IW_GRDH_1SDV_20260118T153231_20260118T153256_005960_00BF44_rtc/vessels.json,200.4,15.0,0.899,1.0,-13.550000190734863,0.328000009059906
2026-01-23,15:41:06,Sentinel-1,SENTINEL-1C,ascending,S1C_IW_GRDH_1SDV_20260123T154053_20260123T154118_006033_00C187_rtc,35.52762,35.76475,42,24,18,data/raw_s1/S1C_IW_GRDH_1SDV_20260123T154053_20260123T154118_006033_00C187_rtc/vessels.json,200.4,24.0,0.892,1.0,-12.369999885559082,0.3149999976158142
2026-02-04,15:41:05,Sentinel-1,SENTINEL-1C,ascending,S1C_IW_GRDH_1SDV_20260204T154053_20260204T154118_006208_00C770_rtc,35.51982,35.76501,24,21,3,data/raw_s1/S1C_IW_GRDH_1SDV_20260204T154053_20260204T154118_006208_00C770_rtc/vessels.json,200.4,21.0,0.892,1.0,-20.469999313354492,0.3100000023841858
2026-02-05,15:33:59,Sentinel-1,SENTINEL-1A,ascending,S1A_IW_GRDH_1SDV_20260205T153346_20260205T153411_063086_07EAE4_rtc,35.52615,35.76196,58,36,22,data/raw_s1/S1A_IW_GRDH_1SDV_20260205T153346_20260205T153411_063086_07EAE4_rtc/vessels.json,200.4,36.0,0.726,1.0,-11.5600004196167,0.3190000057220459
2026-02-10,15:41:46,Sentinel-1,SENTINEL-1A,ascending,S1A_IW_GRDH_1SDV_20260210T154133_20260210T154158_063159_07ED98_rtc,35.51718,35.76321,48,21,26,data/raw_s1/S1A_IW_GRDH_1SDV_20260210T154133_20260210T154158_063159_07ED98_rtc/vessels.json,200.4,21.0,0.892,1.0,-15.130000114440918,0.3529999852180481
2026-02-16,15:41:06,Sentinel-1,SENTINEL-1C,ascending,S1C_IW_GRDH_1SDV_20260216T154053_20260216T154118_006383_00CD7B_rtc,35.51936,35.75988,32,19,11,data/raw_s1/S1C_IW_GRDH_1SDV_20260216T154053_20260216T154118_006383_00CD7B_rtc/vessels.json,200.4,19.0,0.892,1.0,-18.920000076293945,0.3109999895095825
2026-02-11,15:32:43,Sentinel-1,SENTINEL-1C,ascending,S1C_IW_GRDH_1SDV_20260211T153230_20260211T153255_006310_00CAF2_rtc,35.52553,35.76576,56,32,24,data/raw_s1/S1C_IW_GRDH_1SDV_20260211T153230_20260211T153255_006310_00CAF2_rtc/vessels.json,200.4,32.0,0.899,1.0,-12.100000381469727,0.3160000145435333
2026-02-17,15:33:58,Sentinel-1,SENTINEL-1A,ascending,S1A_IW_GRDH_1SDV_20260217T153346_20260217T153411_063261_07F16A_rtc,35.52259,35.76419,41,25,16,data/raw_s1/S1A_IW_GRDH_1SDV_20260217T153346_20260217T153411_063261_07F16A_rtc/vessels.json,200.4,25.0,0.727,1.0,-13.079999923706055,0.29899999499320984
2026-03-01,15:33:58,Sentinel-1,SENTINEL-1A,ascending,S1A_IW_GRDH_1SDV_20260301T153346_20260301T153411_063436_07F81D_rtc,35.51852,35.76269,40,25,15,data/raw_s1/S1A_IW_GRDH_1SDV_20260301T153346_20260301T153411_063436_07F81D_rtc/vessels.json,200.4,25.0,0.727,1.0,-16.299999237060547,0.2800000011920929
2026-03-12,15:41:06,Sentinel-1,SENTINEL-1C,ascending,S1C_IW_GRDH_1SDV_20260312T154053_20260312T154118_006733_00D993_rtc,35.51262,35.7488,5,0,5,data/raw_s1/S1C_IW_GRDH_1SDV_20260312T154053_20260312T154118_006733_00D993_rtc/vessels.json,200.4,0.0,0.892,1.0,-21.889999389648438,0.28200000524520874
2026-03-06,15:41:45,Sentinel-1,SENTINEL-1A,ascending,S1A_IW_GRDH_1SDV_20260306T154133_20260306T154158_063509_07FADE_rtc,35.52164,35.75458,37,16,17,data/raw_s1/S1A_IW_GRDH_1SDV_20260306T154133_20260306T154158_063509_07FADE_rtc/vessels.json,200.4,16.0,0.892,1.0,-19.850000381469727,0.34299999475479126
2026-03-13,15:33:58,Sentinel-1,SENTINEL-1A,ascending,S1A_IW_GRDH_1SDV_20260313T153346_20260313T153411_063611_07FEBE_rtc,35.52462,35.76453,47,29,18,data/raw_s1/S1A_IW_GRDH_1SDV_20260313T153346_20260313T153411_063611_07FEBE_rtc/vessels.json,200.4,29.0,0.725,1.0,-12.859999656677246,0.30300000309944153
2026-03-07,15:32:43,Sentinel-1,SENTINEL-1C,ascending,S1C_IW_GRDH_1SDV_20260307T153230_20260307T153255_006660_00D716_rtc,35.51984,35.75854,50,23,24,data/raw_s1/S1C_IW_GRDH_1SDV_20260307T153230_20260307T153255_006660_00D716_rtc/vessels.json,200.4,23.0,0.899,1.0,-13.399999618530273,0.3100000023841858
2026-03-18,15:41:45,Sentinel-1,SENTINEL-1A,ascending,S1A_IW_GRDH_1SDV_20260318T154133_20260318T154158_063684_08016B_rtc,35.52498,35.76567,56,34,22,data/raw_s1/S1A_IW_GRDH_1SDV_20260318T154133_20260318T154158_063684_08016B_rtc/vessels.json,200.4,34.0,0.892,1.0,-11.880000114440918,0.335999995470047
2026-03-19,15:32:43,Sentinel-1,SENTINEL-1C,ascending,S1C_IW_GRDH_1SDV_20260319T153230_20260319T153255_006835_00DD1A_rtc,35.51712,35.76576,39,23,16,data/raw_s1/S1C_IW_GRDH_1SDV_20260319T153230_20260319T153255_006835_00DD1A_rtc/vessels.json,200.4,23.0,0.899,1.0,-18.600000381469727,0.45399999618530273
2026-04-05,15:41:06,Sentinel-1,SENTINEL-1C,ascending,S1C_IW_GRDH_1SDV_20260405T154054_20260405T154119_007083_00E57A_rtc,35.5195,35.76127,28,21,7,data/raw_s1/S1C_IW_GRDH_1SDV_20260405T154054_20260405T154119_007083_00E57A_rtc/vessels.json,200.4,21.0,0.892,1.0,-19.760000228881836,0.2980000078678131
2026-04-06,15:33:59,Sentinel-1,SENTINEL-1A,ascending,S1A_IW_GRDH_1SDV_20260406T153346_20260406T153411_063961_080BC8_rtc,35.52221,35.76162,38,21,17,data/raw_s1/S1A_IW_GRDH_1SDV_20260406T153346_20260406T153411_063961_080BC8_rtc/vessels.json,200.4,21.0,0.726,1.0,-15.609999656677246,0.2849999964237213
2026-04-17,15:41:07,Sentinel-1,SENTINEL-1C,ascending,S1C_IW_GRDH_1SDV_20260417T154054_20260417T154119_007258_00EB5F_rtc,35.52655,35.76117,68,38,28,data/raw_s1/S1C_IW_GRDH_1SDV_20260417T154054_20260417T154119_007258_00EB5F_rtc/vessels.json,200.4,38.0,0.892,1.0,-13.5600004196167,0.3930000066757202
2026-04-11,15:41:45,Sentinel-1,SENTINEL-1A,ascending,S1A_IW_GRDH_1SDV_20260411T154133_20260411T154158_064034_080E83_rtc,35.51621,35.75734,35,17,17,data/raw_s1/S1A_IW_GRDH_1SDV_20260411T154133_20260411T154158_064034_080E83_rtc/vessels.json,200.4,17.0,0.892,1.0,-15.529999732971191,0.2809999883174896
2026-04-12,15:32:44,Sentinel-1,SENTINEL-1C,ascending,S1C_IW_GRDH_1SDV_20260412T153231_20260412T153256_007185_00E8F2_rtc,35.52076,35.7578,53,21,29,data/raw_s1/S1C_IW_GRDH_1SDV_20260412T153231_20260412T153256_007185_00E8F2_rtc/vessels.json,200.4,21.0,0.899,1.0,-15.210000038146973,0.37599998712539673
2026-04-18,15:33:59,Sentinel-1,SENTINEL-1A,ascending,S1A_IW_GRDH_1SDV_20260418T153346_20260418T153411_064136_081258_rtc,35.52269,35.75694,43,19,20,data/raw_s1/S1A_IW_GRDH_1SDV_20260418T153346_20260418T153411_064136_081258_rtc/vessels.json,200.4,19.0,0.726,1.0,-13.359999656677246,0.30799999833106995
2026-05-05,15:41:45,Sentinel-1,SENTINEL-1A,ascending,S1A_IW_GRDH_1SDV_20260505T154132_20260505T154157_064384_081B86_rtc,35.51491,35.76036,19,13,6,data/raw_s1/S1A_IW_GRDH_1SDV_20260505T154132_20260505T154157_064384_081B86_rtc/vessels.json,200.4,13.0,0.892,1.0,-17.809999465942383,0.3140000104904175
2026-05-06,15:32:45,Sentinel-1,SENTINEL-1C,ascending,S1C_IW_GRDH_1SDV_20260506T153232_20260506T153257_007535_00F4CC_rtc,35.52014,35.76118,35,20,15,data/raw_s1/S1C_IW_GRDH_1SDV_20260506T153232_20260506T153257_007535_00F4CC_rtc/vessels.json,200.4,20.0,0.899,1.0,-18.3700008392334,0.36800000071525574
2026-05-11,15:41:08,Sentinel-1,SENTINEL-1C,ascending,S1C_IW_GRDH_1SDV_20260511T154056_20260511T154121_007608_00F73A_rtc,35.5162,35.75697,25,15,10,data/raw_s1/S1C_IW_GRDH_1SDV_20260511T154056_20260511T154121_007608_00F73A_rtc/vessels.json,200.4,15.0,0.892,1.0,-22.59000015258789,0.28600001335144043
2026-05-12,15:41:18,Sentinel-1,SENTINEL-1D,ascending,S1D_IW_GRDH_1SDV_20260512T154106_20260512T154131_002753_004A5B_rtc,35.52132,35.75559,17,10,7,data/raw_s1/S1D_IW_GRDH_1SDV_20260512T154106_20260512T154131_002753_004A5B_rtc/vessels.json,200.4,10.0,0.892,1.0,-20.700000762939453,0.2809999883174896
2026-05-12,15:33:58,Sentinel-1,SENTINEL-1A,ascending,S1A_IW_GRDH_1SDV_20260512T153345_20260512T153410_064486_081F2C_rtc,35.52034,35.75798,25,14,11,data/raw_s1/S1A_IW_GRDH_1SDV_20260512T153345_20260512T153410_064486_081F2C_rtc/vessels.json,200.4,14.0,0.729,1.0,-16.59000015258789,0.2879999876022339
2026-05-17,15:41:45,Sentinel-1,SENTINEL-1A,ascending,S1A_IW_GRDH_1SDV_20260517T154132_20260517T154157_064559_0821B3_rtc,35.51506,35.76737,21,18,3,data/raw_s1/S1A_IW_GRDH_1SDV_20260517T154132_20260517T154157_064559_0821B3_rtc/vessels.json,200.4,18.0,0.892,1.0,-20.3799991607666,0.27399998903274536
2026-05-18,15:32:46,Sentinel-1,SENTINEL-1C,ascending,S1C_IW_GRDH_1SDV_20260518T153233_20260518T153258_007710_00FAB5_rtc,35.51848,35.76609,33,20,13,data/raw_s1/S1C_IW_GRDH_1SDV_20260518T153233_20260518T153258_007710_00FAB5_rtc/vessels.json,200.4,20.0,0.899,1.0,-15.119999885559082,0.296999990940094
2026-06-04,15:41:10,Sentinel-1,SENTINEL-1C,ascending,S1C_IW_GRDH_1SDV_20260604T154057_20260604T154122_007958_0102E8_rtc,35.52235,35.74903,14,6,6,data/raw_s1/S1C_IW_GRDH_1SDV_20260604T154057_20260604T154122_007958_0102E8_rtc/vessels.json,200.4,6.0,0.892,1.0,-21.719999313354492,0.2849999964237213
2026-06-05,15:33:57,Sentinel-1,SENTINEL-1A,ascending,S1A_IW_GRDH_1SDV_20260605T153344_20260605T153409_064836_082B70_rtc,35.51835,35.75957,29,14,13,data/raw_s1/S1A_IW_GRDH_1SDV_20260605T153344_20260605T153409_064836_082B70_rtc/vessels.json,200.4,14.0,0.729,1.0,-17.920000076293945,0.35100001096725464
2026-06-05,15:41:20,Sentinel-1,SENTINEL-1D,ascending,S1D_IW_GRDH_1SDV_20260605T154107_20260605T154132_003103_0055FE_rtc,35.51946,35.75948,32,17,13,data/raw_s1/S1D_IW_GRDH_1SDV_20260605T154107_20260605T154132_003103_0055FE_rtc/vessels.json,200.4,17.0,0.892,1.0,-22.190000534057617,0.296999990940094
2026-06-10,15:41:43,Sentinel-1,SENTINEL-1A,ascending,S1A_IW_GRDH_1SDV_20260610T154131_20260610T154156_064909_082DF5_rtc,35.51298,35.75566,9,3,6,data/raw_s1/S1A_IW_GRDH_1SDV_20260610T154131_20260610T154156_064909_082DF5_rtc/vessels.json,200.4,3.0,0.892,1.0,-19.6200008392334,0.27399998903274536
2026-06-17,15:33:56,Sentinel-1,SENTINEL-1A,ascending,S1A_IW_GRDH_1SDV_20260617T153344_20260617T153409_065011_083183_rtc,35.5189,35.76291,29,17,12,data/raw_s1/S1A_IW_GRDH_1SDV_20260617T153344_20260617T153409_065011_083183_rtc/vessels.json,200.4,17.0,0.728,1.0,-17.3799991607666,0.32199999690055847
2026-06-17,15:41:21,Sentinel-1,SENTINEL-1D,ascending,S1D_IW_GRDH_1SDV_20260617T154108_20260617T154133_003278_005BC1_rtc,35.52251,35.75267,13,3,10,data/raw_s1/S1D_IW_GRDH_1SDV_20260617T154108_20260617T154133_003278_005BC1_rtc/vessels.json,200.4,3.0,0.892,1.0,-21.6299991607666,0.2849999964237213
2026-07-06,15:32:59,Sentinel-1,SENTINEL-1D,ascending,S1D_IW_GRDH_1SDV_20260706T153246_20260706T153311_003555_006504_rtc,35.52096,35.75758,29,14,13,data/raw_s1/S1D_IW_GRDH_1SDV_20260706T153246_20260706T153311_003555_006504_rtc/vessels.json,200.4,14.0,0.899,1.0,-16.389999389648438,0.289000004529953
2026-07-17,15:41:09,Sentinel-1,SENTINEL-1C,ascending,S1C_IW_GRDH_1SDV_20260717T154057_20260717T154122_008585_011006_rtc,35.51877,35.75602,29,12,17,data/raw_s1/S1C_IW_GRDH_1SDV_20260717T154057_20260717T154122_008585_011006_rtc/vessels.json,200.4,12.0,0.892,1.0,-20.190000534057617,0.2720000147819519
2026-07-12,15:32:46,Sentinel-1,SENTINEL-1C,ascending,S1C_IW_GRDH_1SDV_20260712T153234_20260712T153259_008512_010DA0_rtc,35.51927,35.75879,32,15,15,data/raw_s1/S1C_IW_GRDH_1SDV_20260712T153234_20260712T153259_008512_010DA0_rtc/vessels.json,200.4,15.0,0.899,1.0,-16.260000228881836,0.2840000092983246
2026-07-18,15:33:00,Sentinel-1,SENTINEL-1D,ascending,S1D_IW_GRDH_1SDV_20260718T153247_20260718T153312_003730_006AF7_rtc,35.51842,35.758,34,16,18,data/raw_s1/S1D_IW_GRDH_1SDV_20260718T153247_20260718T153312_003730_006AF7_rtc/vessels.json,200.4,16.0,0.899,1.0,-15.859999656677246,0.30000001192092896
2026-08-05,15:32:47,Sentinel-1,SENTINEL-1C,ascending,S1C_IW_GRDH_1SDV_20260805T153235_20260805T153300_008862_011943_rtc,35.51989,35.76043,34,19,14,data/raw_s1/S1C_IW_GRDH_1SDV_20260805T153235_20260805T153300_008862_011943_rtc/vessels.json,200.4,19.0,0.899,1.0,-16.579999923706055,0.28999999165534973
2026-08-05,03:42:51,Sentinel-1,SENTINEL-1D,descending,S1D_IW_GRDH_1SDV_20260805T034238_20260805T034303_003985_0073C9_rtc,35.52082,35.75855,41,24,15,data/raw_s1/S1D_IW_GRDH_1SDV_20260805T034238_20260805T034303_003985_0073C9_rtc/vessels.json,200.4,27.875,0.714,0.861,-16.700000762939453,0.2800000011920929
2026-08-06,03:34:22,Sentinel-1,SENTINEL-1C,descending,S1C_IW_GRDH_1SDV_20260806T033410_20260806T033435_008869_01197D_rtc,35.52396,35.74084,10,1,8,data/raw_s1/S1C_IW_GRDH_1SDV_20260806T033410_20260806T033435_008869_01197D_rtc/vessels.json,200.4,1.0,0.899,1.0,-21.510000228881836,0.3540000021457672
