ym,type,n,n_ais,n_est
2022-01,بضائع عامة,61,0,61
2022-01,حاويات/ناقلة كبيرة,15,0,15
2022-01,صبّ جاف/بضائع,53,0,53
2022-01,صغير/صيد,18,0,18
2022-01,كبيرة جدًا (حاويات/ناقلة),1,0,1
2022-02,بضائع عامة,55,0,55
2022-02,حاويات/ناقلة كبيرة,9,0,9
2022-02,صبّ جاف/بضائع,33,0,33
2022-02,صغير/صيد,14,0,14
2022-02,كبيرة جدًا (حاويات/ناقلة),4,0,4
2022-03,بضائع عامة,111,0,111
2022-03,حاويات/ناقلة كبيرة,10,0,10
2022-03,صبّ جاف/بضائع,46,0,46
2022-03,صغير/صيد,45,0,45
2022-03,كبيرة جدًا (حاويات/ناقلة),1,0,1
2022-04,بضائع عامة,60,0,60
2022-04,حاويات/ناقلة كبيرة,8,0,8
2022-04,صبّ جاف/بضائع,29,0,29
2022-04,صغير/صيد,13,0,13
2022-05,بضائع عامة,43,0,43
2022-05,حاويات/ناقلة كبيرة,5,0,5
2022-05,صبّ جاف/بضائع,34,0,34
2022-05,صغير/صيد,10,0,10
2022-06,بضائع عامة,25,0,25
2022-06,حاويات/ناقلة كبيرة,7,0,7
2022-06,صبّ جاف/بضائع,22,0,22
2022-06,صغير/صيد,15,0,15
2022-06,كبيرة جدًا (حاويات/ناقلة),3,0,3
2022-07,بضائع عامة,66,0,66
2022-07,حاويات/ناقلة كبيرة,14,0,14
2022-07,صبّ جاف/بضائع,31,0,31
2022-07,صغير/صيد,17,0,17
2022-07,كبيرة جدًا (حاويات/ناقلة),4,0,4
2022-08,بضائع عامة,36,0,36
2022-08,حاويات/ناقلة كبيرة,4,0,4
2022-08,صبّ جاف/بضائع,29,0,29
2022-08,صغير/صيد,5,0,5
2022-09,بضائع عامة,36,0,36
2022-09,حاويات/ناقلة كبيرة,7,0,7
2022-09,صبّ جاف/بضائع,30,0,30
2022-09,صغير/صيد,7,0,7
2022-09,كبيرة جدًا (حاويات/ناقلة),3,0,3
2022-10,بضائع عامة,45,0,45
2022-10,حاويات/ناقلة كبيرة,12,0,12
2022-10,صبّ جاف/بضائع,33,0,33
2022-10,صغير/صيد,4,0,4
2022-10,كبيرة جدًا (حاويات/ناقلة),1,0,1
2022-11,بضائع عامة,64,0,64
2022-11,حاويات/ناقلة كبيرة,5,0,5
2022-11,صبّ جاف/بضائع,36,0,36
2022-11,صغير/صيد,14,0,14
2022-11,كبيرة جدًا (حاويات/ناقلة),2,0,2
2022-12,بضائع عامة,54,0,54
2022-12,حاويات/ناقلة كبيرة,10,0,10
2022-12,صبّ جاف/بضائع,43,0,43
2022-12,صغير/صيد,14,0,14
2022-12,كبيرة جدًا (حاويات/ناقلة),1,0,1
2023-01,بضائع عامة,70,0,70
2023-01,حاويات/ناقلة كبيرة,6,0,6
2023-01,صبّ جاف/بضائع,34,0,34
2023-01,صغير/صيد,13,0,13
2023-01,كبيرة جدًا (حاويات/ناقلة),1,0,1
2023-02,بضائع عامة,46,0,46
2023-02,حاويات/ناقلة كبيرة,8,0,8
2023-02,صبّ جاف/بضائع,33,0,33
2023-02,صغير/صيد,13,0,13
2023-03,بضائع عامة,74,0,74
2023-03,حاويات/ناقلة كبيرة,12,0,12
2023-03,صبّ جاف/بضائع,51,0,51
2023-03,صغير/صيد,16,0,16
2023-04,بضائع عامة,49,0,49
2023-04,حاويات/ناقلة كبيرة,11,0,11
2023-04,صبّ جاف/بضائع,40,0,40
2023-04,صغير/صيد,12,0,12
2023-05,بضائع عامة,26,0,26
2023-05,حاويات/ناقلة كبيرة,11,0,11
2023-05,صبّ جاف/بضائع,22,0,22
2023-05,صغير/صيد,3,0,3
2023-05,كبيرة جدًا (حاويات/ناقلة),4,0,4
2023-06,بضائع عامة,51,0,51
2023-06,حاويات/ناقلة كبيرة,8,0,8
2023-06,صبّ جاف/بضائع,35,0,35
2023-06,صغير/صيد,7,0,7
2023-06,كبيرة جدًا (حاويات/ناقلة),5,0,5
2023-07,بضائع عامة,27,0,27
2023-07,حاويات/ناقلة كبيرة,7,0,7
2023-07,صبّ جاف/بضائع,23,0,23
2023-07,صغير/صيد,5,0,5
2023-07,كبيرة جدًا (حاويات/ناقلة),5,0,5
2023-08,بضائع عامة,33,0,33
2023-08,حاويات/ناقلة كبيرة,17,0,17
2023-08,صبّ جاف/بضائع,39,0,39
2023-08,صغير/صيد,7,0,7
2023-08,كبيرة جدًا (حاويات/ناقلة),6,0,6
2023-09,بضائع عامة,40,0,40
2023-09,حاويات/ناقلة كبيرة,10,0,10
2023-09,صبّ جاف/بضائع,33,0,33
2023-09,صغير/صيد,6,0,6
2023-09,كبيرة جدًا (حاويات/ناقلة),2,0,2
2023-10,بضائع عامة,46,0,46
2023-10,حاويات/ناقلة كبيرة,11,0,11
2023-10,صبّ جاف/بضائع,27,0,27
2023-10,صغير/صيد,7,0,7
2023-10,كبيرة جدًا (حاويات/ناقلة),2,0,2
2023-11,بضائع عامة,27,0,27
2023-11,حاويات/ناقلة كبيرة,7,0,7
2023-11,صبّ جاف/بضائع,22,0,22
2023-11,صغير/صيد,7,0,7
2023-11,كبيرة جدًا (حاويات/ناقلة),2,0,2
2023-12,بضائع عامة,42,0,42
2023-12,حاويات/ناقلة كبيرة,6,0,6
2023-12,صبّ جاف/بضائع,23,0,23
2023-12,صغير/صيد,5,0,5
2024-01,بضائع عامة,61,0,61
2024-01,حاويات/ناقلة كبيرة,6,0,6
2024-01,صبّ جاف/بضائع,29,0,29
2024-01,صغير/صيد,15,0,15
2024-02,بضائع عامة,48,0,48
2024-02,حاويات/ناقلة كبيرة,5,0,5
2024-02,صبّ جاف/بضائع,21,0,21
2024-02,صغير/صيد,5,0,5
2024-03,بضائع عامة,39,0,39
2024-03,حاويات/ناقلة كبيرة,6,0,6
2024-03,صبّ جاف/بضائع,58,0,58
2024-03,صغير/صيد,11,0,11
2024-03,كبيرة جدًا (حاويات/ناقلة),3,0,3
2024-04,بضائع عامة,67,0,67
2024-04,حاويات/ناقلة كبيرة,5,0,5
2024-04,صبّ جاف/بضائع,33,0,33
2024-04,صغير/صيد,9,0,9
2024-04,كبيرة جدًا (حاويات/ناقلة),2,0,2
2024-05,بضائع عامة,46,0,46
2024-05,حاويات/ناقلة كبيرة,10,0,10
2024-05,صبّ جاف/بضائع,41,0,41
2024-05,صغير/صيد,13,0,13
2024-05,كبيرة جدًا (حاويات/ناقلة),2,0,2
2024-06,بضائع عامة,32,0,32
2024-06,حاويات/ناقلة كبيرة,8,0,8
2024-06,صبّ جاف/بضائع,37,0,37
2024-06,صغير/صيد,7,0,7
2024-06,كبيرة جدًا (حاويات/ناقلة),1,0,1
2024-07,بضائع عامة,36,0,36
2024-07,حاويات/ناقلة كبيرة,7,0,7
2024-07,صبّ جاف/بضائع,34,0,34
2024-07,صغير/صيد,9,0,9
2024-07,كبيرة جدًا (حاويات/ناقلة),1,0,1
2024-08,بضائع عامة,18,0,18
2024-08,حاويات/ناقلة كبيرة,3,0,3
2024-08,صبّ جاف/بضائع,22,0,22
2024-08,صغير/صيد,4,0,4
2024-09,بضائع عامة,59,0,59
2024-09,حاويات/ناقلة كبيرة,8,0,8
2024-09,صبّ جاف/بضائع,41,0,41
2024-09,صغير/صيد,9,0,9
2024-09,كبيرة جدًا (حاويات/ناقلة),1,0,1
2024-10,بضائع عامة,47,0,47
2024-10,حاويات/ناقلة كبيرة,12,0,12
2024-10,صبّ جاف/بضائع,33,0,33
2024-10,صغير/صيد,8,0,8
2024-10,كبيرة جدًا (حاويات/ناقلة),2,0,2
2024-11,بضائع عامة,53,0,53
2024-11,حاويات/ناقلة كبيرة,6,0,6
2024-11,صبّ جاف/بضائع,32,0,32
2024-11,صغير/صيد,9,0,9
2024-11,كبيرة جدًا (حاويات/ناقلة),1,0,1
2024-12,بضائع عامة,64,0,64
2024-12,حاويات/ناقلة كبيرة,6,0,6
2024-12,صبّ جاف/بضائع,37,0,37
2024-12,صغير/صيد,15,0,15
2025-01,بضائع عامة,29,0,29
2025-01,حاويات/ناقلة كبيرة,8,0,8
2025-01,صبّ جاف/بضائع,27,0,27
2025-01,صغير/صيد,32,0,32
2025-01,كبيرة جدًا (حاويات/ناقلة),3,0,3
2025-02,بضائع عامة,40,0,40
2025-02,حاويات/ناقلة كبيرة,14,0,14
2025-02,صبّ جاف/بضائع,31,0,31
2025-02,صغير/صيد,14,0,14
2025-02,كبيرة جدًا (حاويات/ناقلة),4,0,4
2025-03,بضائع عامة,22,0,22
2025-03,حاويات/ناقلة كبيرة,6,0,6
2025-03,صبّ جاف/بضائع,26,0,26
2025-03,صغير/صيد,11,0,11
2025-03,كبيرة جدًا (حاويات/ناقلة),2,0,2
2025-04,بضائع عامة,71,0,71
2025-04,حاويات/ناقلة كبيرة,8,0,8
2025-04,صبّ جاف/بضائع,43,0,43
2025-04,صغير/صيد,31,0,31
2025-04,كبيرة جدًا (حاويات/ناقلة),3,0,3
2025-05,بضائع عامة,34,0,34
2025-05,حاويات/ناقلة كبيرة,9,0,9
2025-05,صبّ جاف/بضائع,26,0,26
2025-05,صغير/صيد,8,0,8
2025-05,كبيرة جدًا (حاويات/ناقلة),8,0,8
2025-06,بضائع عامة,36,0,36
2025-06,حاويات/ناقلة كبيرة,10,0,10
2025-06,صبّ جاف/بضائع,35,0,35
2025-06,صغير/صيد,5,0,5
2025-06,كبيرة جدًا (حاويات/ناقلة),4,0,4
2025-07,بضائع عامة,29,0,29
2025-07,حاويات/ناقلة كبيرة,13,0,13
2025-07,صبّ جاف/بضائع,25,0,25
2025-07,صغير/صيد,6,0,6
2025-07,كبيرة جدًا (حاويات/ناقلة),2,0,2
2025-08,بضائع عامة,38,0,38
2025-08,حاويات/ناقلة كبيرة,11,0,11
2025-08,صبّ جاف/بضائع,43,0,43
2025-08,صغير/صيد,13,0,13
2025-08,كبيرة جدًا (حاويات/ناقلة),3,0,3
2025-09,بضائع عامة,50,0,50
2025-09,حاويات/ناقلة كبيرة,13,0,13
2025-09,صبّ جاف/بضائع,27,0,27
2025-09,صغير/صيد,11,0,11
2025-10,بضائع عامة,81,0,81
2025-10,حاويات/ناقلة كبيرة,10,0,10
2025-10,صبّ جاف/بضائع,53,0,53
2025-10,صغير/صيد,19,0,19
2025-10,كبيرة جدًا (حاويات/ناقلة),3,0,3
2025-11,بضائع عامة,77,0,77
2025-11,حاويات/ناقلة كبيرة,9,0,9
2025-11,صبّ جاف/بضائع,42,0,42
2025-11,صغير/صيد,21,0,21
2025-11,كبيرة جدًا (حاويات/ناقلة),7,0,7
2025-12,بضائع عامة,107,0,107
2025-12,حاويات/ناقلة كبيرة,10,0,10
2025-12,صبّ جاف/بضائع,63,0,63
2025-12,صغير/صيد,30,0,30
2025-12,كبيرة جدًا (حاويات/ناقلة),1,0,1
2026-01,بضائع عامة,116,0,116
2026-01,حاويات/ناقلة كبيرة,16,0,16
2026-01,صبّ جاف/بضائع,50,0,50
2026-01,صغير/صيد,42,0,42
2026-02,بضائع عامة,141,0,141
2026-02,حاويات/ناقلة كبيرة,17,0,17
2026-02,صبّ جاف/بضائع,58,0,58
2026-02,صغير/صيد,40,0,40
2026-02,كبيرة جدًا (حاويات/ناقلة),3,0,3
2026-03,بضائع عامة,133,0,133
2026-03,حاويات/ناقلة كبيرة,16,0,16
2026-03,صبّ جاف/بضائع,74,0,74
2026-03,صغير/صيد,47,0,47
2026-03,كبيرة جدًا (حاويات/ناقلة),4,0,4
2026-04,بضائع عامة,150,0,150
2026-04,حاويات/ناقلة كبيرة,4,0,4
2026-04,صبّ جاف/بضائع,60,0,60
2026-04,صغير/صيد,45,0,45
2026-04,كبيرة جدًا (حاويات/ناقلة),6,0,6
2026-05,بضائع عامة,72,0,72
2026-05,حاويات/ناقلة كبيرة,16,0,16
2026-05,صبّ جاف/بضائع,67,0,67
2026-05,صغير/صيد,19,0,19
2026-05,كبيرة جدًا (حاويات/ناقلة),1,0,1
2026-06,بضائع عامة,45,0,45
2026-06,حاويات/ناقلة كبيرة,10,0,10
2026-06,صبّ جاف/بضائع,61,0,61
2026-06,صغير/صيد,7,0,7
2026-06,كبيرة جدًا (حاويات/ناقلة),3,0,3
2026-07,بضائع عامة,52,0,52
2026-07,حاويات/ناقلة كبيرة,13,0,13
2026-07,صبّ جاف/بضائع,48,0,48
2026-07,صغير/صيد,10,0,10
2026-07,كبيرة جدًا (حاويات/ناقلة),1,0,1
2026-08,بضائع عامة,43,0,43
2026-08,حاويات/ناقلة كبيرة,7,0,7
2026-08,صبّ جاف/بضائع,26,0,26
2026-08,صغير/صيد,7,0,7
2026-08,كبيرة جدًا (حاويات/ناقلة),2,0,2
